l,eta,error_type,CD_type,noise_model,pth,stderr
2,0.5,X_MEM,SC,circuit_level,0.007193262918278,2.618661511173633e-06
2,0.5,Z_MEM,SC,circuit_level,0.0073921206503875,2.5956908566826152e-06
2,0.5,TOTAL_MEM,SC,circuit_level,0.0072778855337633,1.856412010480538e-06
4,0.5,X_MEM,SC,circuit_level,0.0092839566173261,9.464744872464135e-06
4,0.5,Z_MEM,SC,circuit_level,0.0046526769161074,3.220047288651957e-06
4,0.5,TOTAL_MEM,SC,circuit_level,0.0047366359569984,3.160379755197036e-06
6,0.5,X_MEM,SC,circuit_level,0.0102271957050384,1.1552898168001386e-05
6,0.5,Z_MEM,SC,circuit_level,0.0035703538188176,4.407993196446817e-06
6,0.5,TOTAL_MEM,SC,circuit_level,0.0035614029363655,4.392830131238895e-06
2,5.0,X_MEM,SC,circuit_level,0.0073530319937313,2.4401543727490444e-06
2,5.0,Z_MEM,SC,circuit_level,0.0104666876991478,1.3079399922898034e-05
2,5.0,TOTAL_MEM,SC,circuit_level,0.0074503636959125,2.366065737397444e-06
4,5.0,X_MEM,SC,circuit_level,0.0105906951525044,1.0290572105152e-05
4,5.0,Z_MEM,SC,circuit_level,0.0064909048036913,5.836996966205232e-06
4,5.0,TOTAL_MEM,SC,circuit_level,0.0072404078769143,3.852429125534994e-06
6,5.0,X_MEM,SC,circuit_level,0.0121264489771258,1.2492142424438122e-05
6,5.0,Z_MEM,SC,circuit_level,0.0049431653887238,5.099624812024368e-06
6,5.0,TOTAL_MEM,SC,circuit_level,0.0050944458813032,4.534390662889848e-06
2,10.0,X_MEM,SC,circuit_level,0.007401612323615,2.400160258294519e-06
2,10.0,Z_MEM,SC,circuit_level,0.0112611216950834,1.504742662086877e-05
2,10.0,TOTAL_MEM,SC,circuit_level,0.0074571667065553,2.3830739961226065e-06
4,10.0,X_MEM,SC,circuit_level,0.010990514188438,1.0460419652350884e-05
4,10.0,Z_MEM,SC,circuit_level,0.0069498738170069,8.993723778972948e-06
4,10.0,TOTAL_MEM,SC,circuit_level,0.0079806600793995,3.972478310904805e-06
6,10.0,X_MEM,SC,circuit_level,0.0127659140417921,0.000115905590361
6,10.0,Z_MEM,SC,circuit_level,0.0052975639643507,5.874472456690499e-06
6,10.0,TOTAL_MEM,SC,circuit_level,0.0055493785155556,4.906519346967263e-06
2,25.0,X_MEM,SC,circuit_level,0.0074437563131946,2.4180651433950063e-06
2,25.0,Z_MEM,SC,circuit_level,0.0117444944508025,3.3693529228808e-05
2,25.0,TOTAL_MEM,SC,circuit_level,0.0074759706270028,2.4118832399662647e-06
4,25.0,X_MEM,SC,circuit_level,0.0113354743471047,1.1411465033376918e-05
4,25.0,Z_MEM,SC,circuit_level,0.0073188055518067,1.3621639408925816e-05
4,25.0,TOTAL_MEM,SC,circuit_level,0.008572660042457,4.235529112336681e-06
6,25.0,X_MEM,SC,circuit_level,0.0132480226186936,1.1242404387510936e-05
6,25.0,Z_MEM,SC,circuit_level,0.0056064547177137,6.378500763884986e-06
6,25.0,TOTAL_MEM,SC,circuit_level,0.0059411108411012,5.122347875437238e-06
2,50.0,X_MEM,SC,circuit_level,0.0074586337166062,2.500940961559448e-06
2,50.0,Z_MEM,SC,circuit_level,0.012251998942692,1.9563414425228884e-05
2,50.0,TOTAL_MEM,SC,circuit_level,0.0074850728744226,2.518134688497457e-06
4,50.0,X_MEM,SC,circuit_level,0.0114708272951968,1.1519634024213374e-05
4,50.0,Z_MEM,SC,circuit_level,0.007502794016722,1.3109832031637076e-05
4,50.0,TOTAL_MEM,SC,circuit_level,0.00882295096125,3.974981860501759e-06
6,50.0,X_MEM,SC,circuit_level,0.0134557413694148,0.0002051733618994
6,50.0,Z_MEM,SC,circuit_level,0.0057531167692549,6.593121345448201e-06
6,50.0,TOTAL_MEM,SC,circuit_level,0.0060923558831415,5.121268560555472e-06
2,0.5,X_MEM,ZXXZonSqu,circuit_level,0.0072705865435553,2.6833414666750387e-06
2,0.5,Z_MEM,ZXXZonSqu,circuit_level,0.0072558387709851,2.650779524790501e-06
2,0.5,TOTAL_MEM,ZXXZonSqu,circuit_level,0.0072609018566135,1.940191296940304e-06
4,0.5,X_MEM,ZXXZonSqu,circuit_level,0.0094044314244718,9.347036844439934e-06
4,0.5,Z_MEM,ZXXZonSqu,circuit_level,0.0045741145427256,3.232699887398844e-06
4,0.5,TOTAL_MEM,ZXXZonSqu,circuit_level,0.0046386063689223,3.079877968581701e-06
6,0.5,X_MEM,ZXXZonSqu,circuit_level,0.0103327362555117,1.0875085438813702e-05
6,0.5,Z_MEM,ZXXZonSqu,circuit_level,0.0035391718126776,4.461412666977381e-06
6,0.5,TOTAL_MEM,ZXXZonSqu,circuit_level,0.0035457399354371,4.391591174572278e-06
2,5.0,X_MEM,ZXXZonSqu,circuit_level,0.0087064396265937,3.045523502320791e-06
2,5.0,Z_MEM,ZXXZonSqu,circuit_level,0.0087284680492109,3.1846460017785163e-06
2,5.0,TOTAL_MEM,ZXXZonSqu,circuit_level,0.0087173798748465,2.311285466850296e-06
4,5.0,X_MEM,ZXXZonSqu,circuit_level,0.0122292331040405,1.2492466852583842e-05
4,5.0,Z_MEM,ZXXZonSqu,circuit_level,0.0055192966289304,4.080920692232299e-06
4,5.0,TOTAL_MEM,ZXXZonSqu,circuit_level,0.0056348836247518,3.754385570514625e-06
6,5.0,X_MEM,ZXXZonSqu,circuit_level,0.0136043360381261,0.0001978151911107
6,5.0,Z_MEM,ZXXZonSqu,circuit_level,0.0043274538567317,5.353394041405163e-06
6,5.0,TOTAL_MEM,ZXXZonSqu,circuit_level,0.0043665710332224,5.151192939927631e-06
2,10.0,X_MEM,ZXXZonSqu,circuit_level,0.0090634666568898,3.357783223255487e-06
2,10.0,Z_MEM,ZXXZonSqu,circuit_level,0.0090974978765398,3.2550264800678644e-06
2,10.0,TOTAL_MEM,ZXXZonSqu,circuit_level,0.0090786769652634,2.377742960366592e-06
4,10.0,X_MEM,ZXXZonSqu,circuit_level,0.013045222620712,1.227776373685221e-05
4,10.0,Z_MEM,ZXXZonSqu,circuit_level,0.0057580629039689,4.5237405011387015e-06
4,10.0,TOTAL_MEM,ZXXZonSqu,circuit_level,0.0059068626053869,4.158541402550363e-06
6,10.0,X_MEM,ZXXZonSqu,circuit_level,0.0146523574585333,1.4589660074450583e-05
6,10.0,Z_MEM,ZXXZonSqu,circuit_level,0.0045284566712828,5.7110934728154914e-06
6,10.0,TOTAL_MEM,ZXXZonSqu,circuit_level,0.004544001804618,5.4373242162973e-06
2,25.0,X_MEM,ZXXZonSqu,circuit_level,0.0093493677719669,3.3021614976087667e-06
2,25.0,Z_MEM,ZXXZonSqu,circuit_level,0.009393485787294,3.211849802592538e-06
2,25.0,TOTAL_MEM,ZXXZonSqu,circuit_level,0.0093717313276479,2.4025039826883067e-06
4,25.0,X_MEM,ZXXZonSqu,circuit_level,0.0137681675628971,1.3349753438349628e-05
4,25.0,Z_MEM,ZXXZonSqu,circuit_level,0.0059798982278018,4.996157231782734e-06
4,25.0,TOTAL_MEM,ZXXZonSqu,circuit_level,0.0061160720353773,4.474910574967067e-06
6,25.0,X_MEM,ZXXZonSqu,circuit_level,0.0160667537138915,6.626317208214226e-05
6,25.0,Z_MEM,ZXXZonSqu,circuit_level,0.0047016439542739,6.142141627148134e-06
6,25.0,TOTAL_MEM,ZXXZonSqu,circuit_level,0.0047207213501381,5.841524717060334e-06
2,50.0,X_MEM,ZXXZonSqu,circuit_level,0.0094561990154206,3.5392952388643827e-06
2,50.0,Z_MEM,ZXXZonSqu,circuit_level,0.009513767806584,3.2950232122291306e-06
2,50.0,TOTAL_MEM,ZXXZonSqu,circuit_level,0.0094837954450129,2.427567407274013e-06
4,50.0,X_MEM,ZXXZonSqu,circuit_level,0.0140483222140277,0.0001712488039911
4,50.0,Z_MEM,ZXXZonSqu,circuit_level,0.0060308664646923,4.9809092796206205e-06
4,50.0,TOTAL_MEM,ZXXZonSqu,circuit_level,0.0061835985617542,4.472142678522744e-06
6,50.0,X_MEM,ZXXZonSqu,circuit_level,0.0159815270065825,0.0001773115797171
6,50.0,Z_MEM,ZXXZonSqu,circuit_level,0.0047334076750984,6.484627444323672e-06
6,50.0,TOTAL_MEM,ZXXZonSqu,circuit_level,0.0048238545909881,6.100070364477313e-06
3,0.5,X_MEM,SC,circuit_level,0.0084107684015709,9.56053227024516e-06
3,0.5,Z_MEM,SC,circuit_level,0.0056418942287764,2.998055102183052e-06
3,0.5,TOTAL_MEM,SC,circuit_level,0.0059117836385543,2.686487803361189e-06
5,0.5,X_MEM,SC,circuit_level,0.009822243895515,1.0947307365536067e-05
5,0.5,Z_MEM,SC,circuit_level,0.0040450186244512,3.5272182238129018e-06
5,0.5,TOTAL_MEM,SC,circuit_level,0.0040658418355263,3.449819623449724e-06
3,5.0,X_MEM,SC,circuit_level,0.0093607413283384,2.8961668261273e-06
3,5.0,Z_MEM,SC,circuit_level,0.0078742500457322,6.354888786217122e-06
3,5.0,TOTAL_MEM,SC,circuit_level,0.0086739381437127,2.249900515759141e-06
5,5.0,X_MEM,SC,circuit_level,0.0114405230279962,1.159963737093119e-05
5,5.0,Z_MEM,SC,circuit_level,0.0055986092235407,5.0025811653264325e-06
5,5.0,TOTAL_MEM,SC,circuit_level,0.0059279891299994,4.054282480093248e-06
3,10.0,X_MEM,SC,circuit_level,0.0096144055184684,2.7972372088576653e-06
3,10.0,Z_MEM,SC,circuit_level,0.0084220736270052,6.7162765179492535e-06
3,10.0,TOTAL_MEM,SC,circuit_level,0.009176487545358,2.230701220663767e-06
5,10.0,X_MEM,SC,circuit_level,0.0117363775658511,1.3278222526339629e-05
5,10.0,Z_MEM,SC,circuit_level,0.0059860879894473,5.859805984369356e-06
5,10.0,TOTAL_MEM,SC,circuit_level,0.0064919939056031,4.356705469417155e-06
3,25.0,X_MEM,SC,circuit_level,0.0098135774272204,2.641718441813414e-06
3,25.0,Z_MEM,SC,circuit_level,0.0088685030929984,6.682842104983754e-06
3,25.0,TOTAL_MEM,SC,circuit_level,0.009530210050212,2.23605379569683e-06
5,25.0,X_MEM,SC,circuit_level,0.0123760355207581,1.10352906851407e-05
5,25.0,Z_MEM,SC,circuit_level,0.0063106686018592,6.759153811437916e-06
5,25.0,TOTAL_MEM,SC,circuit_level,0.006973330954728,4.664387094946374e-06
3,50.0,X_MEM,SC,circuit_level,0.0098942158233786,2.667236685616548e-06
3,50.0,Z_MEM,SC,circuit_level,0.0090649292319424,6.87943945738827e-06
3,50.0,TOTAL_MEM,SC,circuit_level,0.0096720710548143,2.289812838391686e-06
5,50.0,X_MEM,SC,circuit_level,0.0125628723230707,1.1224060914901788e-05
5,50.0,Z_MEM,SC,circuit_level,0.0064635768090614,7.300488880615032e-06
5,50.0,TOTAL_MEM,SC,circuit_level,0.0071869275748442,4.741541136548389e-06
3,0.5,X_MEM,ZXXZonSqu,circuit_level,0.0085310061433108,9.04938732965737e-06
3,0.5,Z_MEM,ZXXZonSqu,circuit_level,0.0055480312688387,2.917152012222004e-06
3,0.5,TOTAL_MEM,ZXXZonSqu,circuit_level,0.0057570790693782,2.5732480796985496e-06
5,0.5,X_MEM,ZXXZonSqu,circuit_level,0.009919381099346,9.729116840889733e-06
5,0.5,Z_MEM,ZXXZonSqu,circuit_level,0.0039570143207616,3.537927419837669e-06
5,0.5,TOTAL_MEM,ZXXZonSqu,circuit_level,0.003984293738629,3.423863845353206e-06
3,5.0,X_MEM,ZXXZonSqu,circuit_level,0.0109690721081756,1.2883188539726644e-05
3,5.0,Z_MEM,ZXXZonSqu,circuit_level,0.0066469952939614,3.8895374426059545e-06
3,5.0,TOTAL_MEM,ZXXZonSqu,circuit_level,0.0069705361338326,3.4550920015279817e-06
5,5.0,X_MEM,ZXXZonSqu,circuit_level,0.0129761236010053,1.4034706779196136e-05
5,5.0,Z_MEM,ZXXZonSqu,circuit_level,0.0048393006816386,4.328721961704559e-06
5,5.0,TOTAL_MEM,ZXXZonSqu,circuit_level,0.0048769087703406,4.17373268008316e-06
3,10.0,X_MEM,ZXXZonSqu,circuit_level,0.0115682153005691,1.4064330716448513e-05
3,10.0,Z_MEM,ZXXZonSqu,circuit_level,0.0069200680274802,4.327208339249442e-06
3,10.0,TOTAL_MEM,ZXXZonSqu,circuit_level,0.0072861254067639,3.7725187434907457e-06
5,10.0,X_MEM,ZXXZonSqu,circuit_level,0.013911304611181,1.3937864284740988e-05
5,10.0,Z_MEM,ZXXZonSqu,circuit_level,0.0050882207530807,4.705923085399697e-06
5,10.0,TOTAL_MEM,ZXXZonSqu,circuit_level,0.0051496291762275,4.564574437963079e-06
3,25.0,X_MEM,ZXXZonSqu,circuit_level,0.0121073393285113,2.4074802323549826e-05
3,25.0,Z_MEM,ZXXZonSqu,circuit_level,0.0071553035053137,4.61153715283889e-06
3,25.0,TOTAL_MEM,ZXXZonSqu,circuit_level,0.0075398123805425,3.939401119853961e-06
5,25.0,X_MEM,ZXXZonSqu,circuit_level,0.0147400632091302,1.506594015419724e-05
5,25.0,Z_MEM,ZXXZonSqu,circuit_level,0.0052714772520906,4.991950296918011e-06
5,25.0,TOTAL_MEM,ZXXZonSqu,circuit_level,0.0053454446019256,4.785630364043937e-06
3,50.0,X_MEM,ZXXZonSqu,circuit_level,0.0122539935767463,2.3261823250104785e-05
3,50.0,Z_MEM,ZXXZonSqu,circuit_level,0.0072297158828709,4.547017619158252e-06
3,50.0,TOTAL_MEM,ZXXZonSqu,circuit_level,0.0076347089538738,3.922811548585928e-06
5,50.0,X_MEM,ZXXZonSqu,circuit_level,0.0148168091914745,1.0184362769988018e-05
5,50.0,Z_MEM,ZXXZonSqu,circuit_level,0.0053325877475273,5.063032119221136e-06
5,50.0,TOTAL_MEM,ZXXZonSqu,circuit_level,0.0053992198128971,4.850099537810449e-06
2,0.5,X_MEM_PY,SC,circuit_level,0.0084693770589056,1.8810008108257888e-06
2,0.5,Z_MEM_PY,SC,circuit_level,0.0086504967073009,2.013763389920577e-06
2,0.5,TOTAL_MEM_PY,SC,circuit_level,0.0085472465418727,1.3862478071051295e-06
3,0.5,X_MEM_PY,SC,circuit_level,0.0089549152675831,3.480487541697063e-06
3,0.5,Z_MEM_PY,SC,circuit_level,0.0072151747571487,2.277524950845071e-06
3,0.5,TOTAL_MEM_PY,SC,circuit_level,0.0076382310798689,1.8663832313520456e-06
4,0.5,X_MEM_PY,SC,circuit_level,0.0095330986826254,6.480198717222515e-06
4,0.5,Z_MEM_PY,SC,circuit_level,0.0061748799990692,2.639924785021653e-06
4,0.5,TOTAL_MEM_PY,SC,circuit_level,0.0064488729940025,2.6752263041089085e-06
5,0.5,X_MEM_PY,SC,circuit_level,0.009955418097489,6.719408121775655e-06
5,0.5,Z_MEM_PY,SC,circuit_level,0.0054268962202265,3.163480194514786e-06
5,0.5,TOTAL_MEM_PY,SC,circuit_level,0.0055710549044791,2.9820684436065736e-06
6,0.5,X_MEM_PY,SC,circuit_level,0.0103299086198524,7.779470839871679e-06
6,0.5,Z_MEM_PY,SC,circuit_level,0.0048403321939753,3.774512035649918e-06
6,0.5,TOTAL_MEM_PY,SC,circuit_level,0.0049163151301892,3.525900294999705e-06
2,5.0,X_MEM_PY,SC,circuit_level,0.0085447097942374,2.0975114150444246e-06
2,5.0,Z_MEM_PY,SC,circuit_level,0.0115369826209909,9.874188817047335e-06
2,5.0,TOTAL_MEM_PY,SC,circuit_level,0.008671309776261,1.7863765733331683e-06
3,5.0,X_MEM_PY,SC,circuit_level,0.0099966557610867,2.068125656118125e-06
3,5.0,Z_MEM_PY,SC,circuit_level,0.0095406631522269,2.5150409366760423e-06
3,5.0,TOTAL_MEM_PY,SC,circuit_level,0.0098361904966339,1.5336478321403069e-06
4,5.0,X_MEM_PY,SC,circuit_level,0.010912447202511,5.943603935812394e-06
4,5.0,Z_MEM_PY,SC,circuit_level,0.0081272990968087,3.5708885346271035e-06
4,5.0,TOTAL_MEM_PY,SC,circuit_level,0.0090688027087091,2.8481562545816406e-06
5,5.0,X_MEM_PY,SC,circuit_level,0.0116114944251569,1.1502435508608115e-05
5,5.0,Z_MEM_PY,SC,circuit_level,0.0070952394791651,3.986698231293005e-06
5,5.0,TOTAL_MEM_PY,SC,circuit_level,0.007747463129559,3.7206923530637353e-06
6,5.0,X_MEM_PY,SC,circuit_level,0.0122125510680337,8.25976940325625e-06
6,5.0,Z_MEM_PY,SC,circuit_level,0.006258714033306,3.874497654026258e-06
6,5.0,TOTAL_MEM_PY,SC,circuit_level,0.0066179364032799,4.066286407749572e-06
2,10.0,X_MEM_PY,SC,circuit_level,0.008559493105618,1.82235173853523e-06
2,10.0,Z_MEM_PY,SC,circuit_level,0.0123639047174067,1.053334075503552e-05
2,10.0,TOTAL_MEM_PY,SC,circuit_level,0.0086342211052602,1.8261940767715683e-06
3,10.0,X_MEM_PY,SC,circuit_level,0.0102579538785759,2.002077232253716e-06
3,10.0,Z_MEM_PY,SC,circuit_level,0.0101566375148898,2.614122678528876e-06
3,10.0,TOTAL_MEM_PY,SC,circuit_level,0.0102308420252932,1.6199433023936193e-06
4,10.0,X_MEM_PY,SC,circuit_level,0.0113066779210939,4.718314625225718e-06
4,10.0,Z_MEM_PY,SC,circuit_level,0.0086497098565711,3.591771517072129e-06
4,10.0,TOTAL_MEM_PY,SC,circuit_level,0.0097542363379778,2.3946066477928622e-06
5,10.0,X_MEM_PY,SC,circuit_level,0.0121065524168343,8.279073069987169e-06
5,10.0,Z_MEM_PY,SC,circuit_level,0.0075908094034792,4.978192939846985e-06
5,10.0,TOTAL_MEM_PY,SC,circuit_level,0.0084399765291092,4.5048409471660905e-06
6,10.0,X_MEM_PY,SC,circuit_level,0.0127900889453634,8.749630163069803e-06
6,10.0,Z_MEM_PY,SC,circuit_level,0.0066966882699774,4.6277821583114615e-06
6,10.0,TOTAL_MEM_PY,SC,circuit_level,0.0072903238847541,4.525876616350812e-06
2,0.5,X_MEM_PY,ZXXZonSqu,circuit_level,0.0085285821625943,2.44574048096555e-06
2,0.5,Z_MEM_PY,ZXXZonSqu,circuit_level,0.0085293739733445,2.4861036455675e-06
2,0.5,TOTAL_MEM_PY,ZXXZonSqu,circuit_level,0.0085312163763076,3.482773894232925e-06
3,0.5,X_MEM_PY,ZXXZonSqu,circuit_level,0.0090637696590523,4.340078270634746e-06
3,0.5,Z_MEM_PY,ZXXZonSqu,circuit_level,0.0071174719645718,2.4150029273887075e-06
3,0.5,TOTAL_MEM_PY,ZXXZonSqu,circuit_level,0.007498792935788,1.943754970784859e-06
4,0.5,X_MEM_PY,ZXXZonSqu,circuit_level,0.0096377930908258,6.427953667656706e-06
4,0.5,Z_MEM_PY,ZXXZonSqu,circuit_level,0.0060914037424371,2.7334542040573205e-06
4,0.5,TOTAL_MEM_PY,ZXXZonSqu,circuit_level,0.0063247446665586,2.7108244747457875e-06
5,0.5,X_MEM_PY,ZXXZonSqu,circuit_level,0.0100594811638034,6.843235068390488e-06
5,0.5,Z_MEM_PY,ZXXZonSqu,circuit_level,0.0053326255124447,3.0972533013118147e-06
5,0.5,TOTAL_MEM_PY,ZXXZonSqu,circuit_level,0.0054525822261358,2.961149406545075e-06
6,0.5,X_MEM_PY,ZXXZonSqu,circuit_level,0.0104379625184706,7.27932215438814e-06
6,0.5,Z_MEM_PY,ZXXZonSqu,circuit_level,0.0047797614950765,3.7837502561273582e-06
6,0.5,TOTAL_MEM_PY,ZXXZonSqu,circuit_level,0.0048725084710573,3.476239529345525e-06
2,5.0,X_MEM_PY,ZXXZonSqu,circuit_level,0.0099668171254721,2.1122482062819883e-06
2,5.0,Z_MEM_PY,ZXXZonSqu,circuit_level,0.0099732588014124,2.182485119390653e-06
2,5.0,TOTAL_MEM_PY,ZXXZonSqu,circuit_level,0.0099658032629188,1.498966618888109e-06
3,5.0,X_MEM_PY,ZXXZonSqu,circuit_level,0.0114762417013168,8.811253020100964e-06
3,5.0,Z_MEM_PY,ZXXZonSqu,circuit_level,0.0081779180263478,2.860320189996808e-06
3,5.0,TOTAL_MEM_PY,ZXXZonSqu,circuit_level,0.0087083035801763,2.872766579884965e-06
4,5.0,X_MEM_PY,ZXXZonSqu,circuit_level,0.0124182694300493,8.40333290235984e-06
4,5.0,Z_MEM_PY,ZXXZonSqu,circuit_level,0.0069452888373116,3.0640523855081486e-06
4,5.0,TOTAL_MEM_PY,ZXXZonSqu,circuit_level,0.0072726347415189,3.4706120794763274e-06
5,5.0,X_MEM_PY,ZXXZonSqu,circuit_level,0.0131246892422195,9.36094527953759e-06
5,5.0,Z_MEM_PY,ZXXZonSqu,circuit_level,0.0061320655043901,3.841751714864433e-06
5,5.0,TOTAL_MEM_PY,ZXXZonSqu,circuit_level,0.0063047165166819,3.924757761442807e-06
6,5.0,X_MEM_PY,ZXXZonSqu,circuit_level,0.0136898714634503,9.70854417292496e-06
6,5.0,Z_MEM_PY,ZXXZonSqu,circuit_level,0.005494806377619,4.224723602572133e-06
6,5.0,TOTAL_MEM_PY,ZXXZonSqu,circuit_level,0.0055957157276467,4.040585211044616e-06
2,10.0,X_MEM_PY,ZXXZonSqu,circuit_level,0.0103455943950056,2.380755273296397e-06
2,10.0,Z_MEM_PY,ZXXZonSqu,circuit_level,0.0103501328473411,2.338259851223922e-06
2,10.0,TOTAL_MEM_PY,ZXXZonSqu,circuit_level,0.0103494889859359,1.7987276911655244e-06
3,10.0,X_MEM_PY,ZXXZonSqu,circuit_level,0.0120849889252914,9.118773997838184e-06
3,10.0,Z_MEM_PY,ZXXZonSqu,circuit_level,0.0084909857400921,3.0730377155891387e-06
3,10.0,TOTAL_MEM_PY,ZXXZonSqu,circuit_level,0.0090794516337479,3.5286015725844614e-06
4,10.0,X_MEM_PY,ZXXZonSqu,circuit_level,0.013225108311405,8.32017195818631e-06
4,10.0,Z_MEM_PY,ZXXZonSqu,circuit_level,0.0072690781231214,3.6444747927130912e-06
4,10.0,TOTAL_MEM_PY,ZXXZonSqu,circuit_level,0.0076041569918399,3.918424421557457e-06
5,10.0,X_MEM_PY,ZXXZonSqu,circuit_level,0.0140368777722546,9.83979854642955e-06
5,10.0,Z_MEM_PY,ZXXZonSqu,circuit_level,0.0063816054496644,4.047054099603109e-06
5,10.0,TOTAL_MEM_PY,ZXXZonSqu,circuit_level,0.0065638533117232,3.9789241016588606e-06
6,10.0,X_MEM_PY,ZXXZonSqu,circuit_level,0.0147035885789789,9.300162406977182e-06
6,10.0,Z_MEM_PY,ZXXZonSqu,circuit_level,0.0057006262817151,4.433238643935331e-06
6,10.0,TOTAL_MEM_PY,ZXXZonSqu,circuit_level,0.0058449667793604,4.293707001939824e-06
2,25.0,X_MEM_PY,ZXXZonSqu,circuit_level,0.0106636362861371,2.480745825736448e-06
2,25.0,Z_MEM_PY,ZXXZonSqu,circuit_level,0.010662821951149,2.9199887497752822e-06
2,25.0,TOTAL_MEM_PY,ZXXZonSqu,circuit_level,0.0106640299694812,1.7086665273315953e-06
3,25.0,X_MEM_PY,ZXXZonSqu,circuit_level,0.0125865856421212,9.042957692469032e-06
3,25.0,Z_MEM_PY,ZXXZonSqu,circuit_level,0.0087819057834678,3.3002495958710254e-06
3,25.0,TOTAL_MEM_PY,ZXXZonSqu,circuit_level,0.0094113714193476,3.554053669256777e-06
4,25.0,X_MEM_PY,ZXXZonSqu,circuit_level,0.0139280222622732,8.56486888603692e-06
4,25.0,Z_MEM_PY,ZXXZonSqu,circuit_level,0.0074946321209839,3.550758165908588e-06
4,25.0,TOTAL_MEM_PY,ZXXZonSqu,circuit_level,0.0078456588189855,3.612700936330343e-06
5,25.0,X_MEM_PY,ZXXZonSqu,circuit_level,0.0147687637463145,7.130396658237621e-06
5,25.0,Z_MEM_PY,ZXXZonSqu,circuit_level,0.0066413271669314,4.5175285926981465e-06
5,25.0,TOTAL_MEM_PY,ZXXZonSqu,circuit_level,0.0068264635323978,4.313891306709415e-06
6,25.0,X_MEM_PY,ZXXZonSqu,circuit_level,0.015659767516546,1.636803247655801e-05
6,25.0,Z_MEM_PY,ZXXZonSqu,circuit_level,0.0059409279178841,4.896432500170792e-06
6,25.0,TOTAL_MEM_PY,ZXXZonSqu,circuit_level,0.0060908360914469,4.615764867214747e-06
2,50.0,X_MEM_PY,ZXXZonSqu,circuit_level,0.0107935753924041,2.4595922662005946e-06
2,50.0,Z_MEM_PY,ZXXZonSqu,circuit_level,0.010803231824161,2.422625998564438e-06
2,50.0,TOTAL_MEM_PY,ZXXZonSqu,circuit_level,0.0107986917447401,1.8336056773174784e-06
3,50.0,X_MEM_PY,ZXXZonSqu,circuit_level,0.0127970538464595,1.051407714300038e-05
3,50.0,Z_MEM_PY,ZXXZonSqu,circuit_level,0.00890225160487,3.512324031079894e-06
3,50.0,TOTAL_MEM_PY,ZXXZonSqu,circuit_level,0.0095518350696869,3.6997445520723126e-06
4,50.0,X_MEM_PY,ZXXZonSqu,circuit_level,0.0139910742612873,1.099723680264028e-05
4,50.0,Z_MEM_PY,ZXXZonSqu,circuit_level,0.0076199663713583,4.120981368968369e-06
4,50.0,TOTAL_MEM_PY,ZXXZonSqu,circuit_level,0.0079769163682703,4.418690852859971e-06
5,50.0,X_MEM_PY,ZXXZonSqu,circuit_level,0.0149101692652577,1.658837329392996e-05
5,50.0,Z_MEM_PY,ZXXZonSqu,circuit_level,0.0067275107579966,4.742912573332792e-06
5,50.0,TOTAL_MEM_PY,ZXXZonSqu,circuit_level,0.0069363477737118,4.71407158646269e-06
6,50.0,X_MEM_PY,ZXXZonSqu,circuit_level,0.0159563677154182,7.797440827486184e-05
6,50.0,Z_MEM_PY,ZXXZonSqu,circuit_level,0.0060468741431738,5.020551904595764e-06
6,50.0,TOTAL_MEM_PY,ZXXZonSqu,circuit_level,0.0062104527742689,4.8895771792610175e-06
2,75.0,X_MEM,SC,circuit_level,0.0074647419865875,6.639952098258167e-06
2,75.0,Z_MEM,SC,circuit_level,0.0123492738441392,1.7256161836407487e-05
2,75.0,TOTAL_MEM,SC,circuit_level,0.0074895357695031,5.605338620143613e-06
3,75.0,X_MEM,SC,circuit_level,0.0099228944942008,8.157352475346484e-06
3,75.0,Z_MEM,SC,circuit_level,0.0091480047734766,1.5325419312887973e-05
3,75.0,TOTAL_MEM,SC,circuit_level,0.0097201610363167,5.470155252724657e-06
4,75.0,X_MEM,SC,circuit_level,0.0115295644006164,1.7738285430208588e-05
4,75.0,Z_MEM,SC,circuit_level,0.0075769308799434,2.6562118059104875e-05
4,75.0,TOTAL_MEM,SC,circuit_level,0.0089106817686384,2.1751907359844705e-05
5,75.0,X_MEM,SC,circuit_level,0.0126463452872027,2.083540271100729e-05
5,75.0,Z_MEM,SC,circuit_level,0.0065245230329872,2.8057930235088868e-05
5,75.0,TOTAL_MEM,SC,circuit_level,0.0072681571681488,3.159738171751404e-05
6,75.0,X_MEM,SC,circuit_level,0.0136217415085722,2.2169821893161907e-05
6,75.0,Z_MEM,SC,circuit_level,0.0057452645948661,3.653540658202853e-05
6,75.0,TOTAL_MEM,SC,circuit_level,0.0061671641443768,3.148503880501726e-05
2,100.0,X_MEM,SC,circuit_level,0.0074648514092351,6.548143900503884e-06
2,100.0,Z_MEM,SC,circuit_level,0.0124112521186908,2.536374452474474e-05
2,100.0,TOTAL_MEM,SC,circuit_level,0.0074885922045654,5.59629589679543e-06
3,100.0,X_MEM,SC,circuit_level,0.0099466778327052,8.13709470760185e-06
3,100.0,Z_MEM,SC,circuit_level,0.0091886598174479,1.531313513489898e-05
3,100.0,TOTAL_MEM,SC,circuit_level,0.009749040049055,5.472538210628687e-06
4,100.0,X_MEM,SC,circuit_level,0.0115519975026632,1.9851776734011565e-05
4,100.0,Z_MEM,SC,circuit_level,0.0075953293262002,2.362284661232912e-05
4,100.0,TOTAL_MEM,SC,circuit_level,0.0089555975991276,2.073981789541049e-05
5,100.0,X_MEM,SC,circuit_level,0.0126914272531779,2.23579623674011e-05
5,100.0,Z_MEM,SC,circuit_level,0.0065220436486424,2.782779498118844e-05
5,100.0,TOTAL_MEM,SC,circuit_level,0.0073063505985725,3.480687300911818e-05
6,100.0,X_MEM,SC,circuit_level,0.0136793347057341,2.2468445688980743e-05
6,100.0,Z_MEM,SC,circuit_level,0.0058050418259427,2.8061071236498408e-05
6,100.0,TOTAL_MEM,SC,circuit_level,0.0062263448954988,3.320935053426112e-05
2,500.0,X_MEM,SC,circuit_level,0.0074705787344582,6.421779218605597e-06
2,500.0,Z_MEM,SC,circuit_level,0.012561419818001,2.635853039835905e-05
2,500.0,TOTAL_MEM,SC,circuit_level,0.0074923760404846,5.637060306351536e-06
3,500.0,X_MEM,SC,circuit_level,0.0099794635506598,8.916393647586025e-06
3,500.0,Z_MEM,SC,circuit_level,0.0092698013410994,1.6479588372265787e-05
3,500.0,TOTAL_MEM,SC,circuit_level,0.0098083098332142,6.583006292323251e-06
4,500.0,X_MEM,SC,circuit_level,0.0116370464519758,1.9341009347804747e-05
4,500.0,Z_MEM,SC,circuit_level,0.0076637604613068,3.240184238635083e-05
4,500.0,TOTAL_MEM,SC,circuit_level,0.0090877472871524,2.352678234490886e-05
5,500.0,X_MEM,SC,circuit_level,0.0128058235148913,2.193922716647197e-05
5,500.0,Z_MEM,SC,circuit_level,0.0065527027076236,2.741206943324971e-05
5,500.0,TOTAL_MEM,SC,circuit_level,0.0073715025046757,4.836550036043068e-05
6,500.0,X_MEM,SC,circuit_level,0.0138219337864364,1.9183498343940413e-05
6,500.0,Z_MEM,SC,circuit_level,0.0058598164044824,3.1443103208885174e-05
6,500.0,TOTAL_MEM,SC,circuit_level,0.0062961888202093,3.1741295010147184e-05
2,75.0,X_MEM,ZXXZonSqu,circuit_level,0.0094832988245264,8.312504897750781e-06
2,75.0,Z_MEM,ZXXZonSqu,circuit_level,0.0095549861143315,7.685702961599012e-06
2,75.0,TOTAL_MEM,ZXXZonSqu,circuit_level,0.0095176995694067,6.411410418511083e-06
3,75.0,X_MEM,ZXXZonSqu,circuit_level,0.0123657941398568,6.439977610580582e-05
3,75.0,Z_MEM,ZXXZonSqu,circuit_level,0.007275592615535,2.046478547978629e-05
3,75.0,TOTAL_MEM,ZXXZonSqu,circuit_level,0.0076931085410915,2.38247820338151e-05
4,75.0,X_MEM,ZXXZonSqu,circuit_level,0.0141874989828498,3.42729925526918e-05
4,75.0,Z_MEM,ZXXZonSqu,circuit_level,0.0060845718903158,2.7125346854463983e-05
4,75.0,TOTAL_MEM,ZXXZonSqu,circuit_level,0.0062267105822281,2.33594291772781e-05
5,75.0,X_MEM,ZXXZonSqu,circuit_level,0.0148920486085048,8.316236282864776e-05
5,75.0,Z_MEM,ZXXZonSqu,circuit_level,0.0053589220790263,3.564039368601079e-05
5,75.0,TOTAL_MEM,ZXXZonSqu,circuit_level,0.0054290844297218,3.3702822463133653e-05
6,75.0,X_MEM,ZXXZonSqu,circuit_level,0.0163218752927856,6.111882534820533e-05
6,75.0,Z_MEM,ZXXZonSqu,circuit_level,0.0047444619172603,4.476391020291939e-05
6,75.0,TOTAL_MEM,ZXXZonSqu,circuit_level,0.0048378092187898,4.056992990455304e-05
2,100.0,X_MEM,ZXXZonSqu,circuit_level,0.0095075781439337,8.611952044269273e-06
2,100.0,Z_MEM,ZXXZonSqu,circuit_level,0.0095773706288551,7.373102840333478e-06
2,100.0,TOTAL_MEM,ZXXZonSqu,circuit_level,0.0095424418336673,6.189001553157204e-06
3,100.0,X_MEM,ZXXZonSqu,circuit_level,0.0124045982780368,5.79895487742296e-05
3,100.0,Z_MEM,ZXXZonSqu,circuit_level,0.0072927529625454,2.1199991066298328e-05
3,100.0,TOTAL_MEM,ZXXZonSqu,circuit_level,0.0076901874630432,2.2505244837837547e-05
4,100.0,X_MEM,ZXXZonSqu,circuit_level,0.0142247885783534,2.767956555332291e-05
4,100.0,Z_MEM,ZXXZonSqu,circuit_level,0.0061084517030537,2.498589233835669e-05
4,100.0,TOTAL_MEM,ZXXZonSqu,circuit_level,0.0062587117744114,2.360685245589369e-05
5,100.0,X_MEM,ZXXZonSqu,circuit_level,0.0153557943678208,8.28926839573322e-05
5,100.0,Z_MEM,ZXXZonSqu,circuit_level,0.0053863706736853,3.533219268198888e-05
5,100.0,TOTAL_MEM,ZXXZonSqu,circuit_level,0.0054528327501914,3.384274449371453e-05
6,100.0,X_MEM,ZXXZonSqu,circuit_level,0.0164237792633649,6.661600033777287e-05
6,100.0,Z_MEM,ZXXZonSqu,circuit_level,0.0047274799958003,4.665158634411965e-05
6,100.0,TOTAL_MEM,ZXXZonSqu,circuit_level,0.0048286174202531,4.157199418380098e-05
2,500.0,X_MEM,ZXXZonSqu,circuit_level,0.0095623841314304,8.73331256944797e-06
2,500.0,Z_MEM,ZXXZonSqu,circuit_level,0.0096249240789792,7.4940612173108545e-06
2,500.0,TOTAL_MEM,ZXXZonSqu,circuit_level,0.0095916884528178,6.306769687114949e-06
3,500.0,X_MEM,ZXXZonSqu,circuit_level,0.0124874091199012,6.165963508363545e-05
3,500.0,Z_MEM,ZXXZonSqu,circuit_level,0.0073111605448052,2.1596346058989605e-05
3,500.0,TOTAL_MEM,ZXXZonSqu,circuit_level,0.007758469153733,2.5021251706232883e-05
4,500.0,X_MEM,ZXXZonSqu,circuit_level,0.0143743028473291,4.7857528496271925e-05
4,500.0,Z_MEM,ZXXZonSqu,circuit_level,0.006132940922788,2.508032881046327e-05
4,500.0,TOTAL_MEM,ZXXZonSqu,circuit_level,0.0062855154832101,2.45076657396104e-05
5,500.0,X_MEM,ZXXZonSqu,circuit_level,0.015582703200786,7.967271814845506e-05
5,500.0,Z_MEM,ZXXZonSqu,circuit_level,0.0054213650472006,3.706584415506971e-05
5,500.0,TOTAL_MEM,ZXXZonSqu,circuit_level,0.0055323694782827,3.477886957463429e-05
6,500.0,X_MEM,ZXXZonSqu,circuit_level,0.0169989821442259,0.0007641884598262
6,500.0,Z_MEM,ZXXZonSqu,circuit_level,0.0047651179570762,4.815486398915855e-05
6,500.0,TOTAL_MEM,ZXXZonSqu,circuit_level,0.0048590873041214,4.142058905315666e-05
2,25.0,X_MEM_PY,SC,circuit_level,0.0085856386419177,4.215268789274304e-06
2,25.0,Z_MEM_PY,SC,circuit_level,0.0130632262819824,7.949180452120136e-06
2,25.0,TOTAL_MEM_PY,SC,circuit_level,0.0086319042788435,3.3065045859579502e-06
3,25.0,X_MEM_PY,SC,circuit_level,0.0104847176502046,5.096250073275745e-06
3,25.0,Z_MEM_PY,SC,circuit_level,0.0107169489985797,7.235288714208375e-06
3,25.0,TOTAL_MEM_PY,SC,circuit_level,0.0105331881963631,4.056198742402414e-06
4,25.0,X_MEM_PY,SC,circuit_level,0.0116711462830994,9.230578929689904e-06
4,25.0,Z_MEM_PY,SC,circuit_level,0.0091526627927776,9.343644587519523e-06
4,25.0,TOTAL_MEM_PY,SC,circuit_level,0.0103517646333496,8.041763720340478e-06
5,25.0,X_MEM_PY,SC,circuit_level,0.0125552784793848,1.873295429373919e-05
5,25.0,Z_MEM_PY,SC,circuit_level,0.0079263226307692,1.6420401308471075e-05
5,25.0,TOTAL_MEM_PY,SC,circuit_level,0.0090730559554438,2.934188625653905e-05
6,25.0,X_MEM_PY,SC,circuit_level,0.0133269855190189,1.0466908817364276e-05
6,25.0,Z_MEM_PY,SC,circuit_level,0.0070556621596477,2.4993293281312792e-05
6,25.0,TOTAL_MEM_PY,SC,circuit_level,0.007775319845542,2.7905157322503066e-05
2,50.0,X_MEM_PY,SC,circuit_level,0.0086034004288801,4.263836032726532e-06
2,50.0,Z_MEM_PY,SC,circuit_level,0.0133421820814708,4.9014953545548696e-06
2,50.0,TOTAL_MEM_PY,SC,circuit_level,0.0086411155077342,3.5960357644586905e-06
3,50.0,X_MEM_PY,SC,circuit_level,0.0105782686113088,5.056944341659736e-06
3,50.0,Z_MEM_PY,SC,circuit_level,0.0109383740228543,7.749364454726994e-06
3,50.0,TOTAL_MEM_PY,SC,circuit_level,0.0106462959346883,4.10488178586146e-06
4,50.0,X_MEM_PY,SC,circuit_level,0.0118208253565149,8.669523137532535e-06
4,50.0,Z_MEM_PY,SC,circuit_level,0.0093560554477217,9.574690879234097e-06
4,50.0,TOTAL_MEM_PY,SC,circuit_level,0.0105860358446626,7.542660399041637e-06
5,50.0,X_MEM_PY,SC,circuit_level,0.0127495530607231,1.8530807913927487e-05
5,50.0,Z_MEM_PY,SC,circuit_level,0.0081086410869969,1.4192498184064706e-05
5,50.0,TOTAL_MEM_PY,SC,circuit_level,0.0093204926051892,3.0182100430063026e-05
6,50.0,X_MEM_PY,SC,circuit_level,0.0136002647963116,1.2874426531515097e-05
6,50.0,Z_MEM_PY,SC,circuit_level,0.0072194397492045,2.792322486438409e-05
6,50.0,TOTAL_MEM_PY,SC,circuit_level,0.0080313377853836,3.443218660801981e-05
2,100.0,X_MEM_PY,SC,circuit_level,0.0086232515773377,8.924094851813349e-06
2,100.0,Z_MEM_PY,SC,circuit_level,0.0134925440485162,1.509652692834859e-05
2,100.0,TOTAL_MEM_PY,SC,circuit_level,0.0086596235893781,6.821801412248357e-06
3,100.0,X_MEM_PY,SC,circuit_level,0.010634175882403,1.0565615519256078e-05
3,100.0,Z_MEM_PY,SC,circuit_level,0.0111129499024257,1.580612550800526e-05
3,100.0,TOTAL_MEM_PY,SC,circuit_level,0.0107121853075566,8.513078247516015e-06
4,100.0,X_MEM_PY,SC,circuit_level,0.0119155772431033,9.749892009554336e-06
4,100.0,Z_MEM_PY,SC,circuit_level,0.0095206175253693,2.2896182635331587e-05
4,100.0,TOTAL_MEM_PY,SC,circuit_level,0.0107284826729535,1.1379590739367677e-05
5,100.0,X_MEM_PY,SC,circuit_level,0.0128810372320574,2.9247630698476422e-05
5,100.0,Z_MEM_PY,SC,circuit_level,0.0082635461328366,3.056471831051379e-05
5,100.0,TOTAL_MEM_PY,SC,circuit_level,0.0094466837338299,3.631176037183863e-05
6,100.0,X_MEM_PY,SC,circuit_level,0.0137533974554606,1.827012152368294e-05
6,100.0,Z_MEM_PY,SC,circuit_level,0.0073479250938185,3.3278679467209794e-05
6,100.0,TOTAL_MEM_PY,SC,circuit_level,0.0080944898891748,4.08778618895096e-05
2,500.0,X_MEM_PY,SC,circuit_level,0.0086221060415084,7.797184166945281e-06
2,500.0,Z_MEM_PY,SC,circuit_level,0.0136413814737418,1.3556437955972586e-05
2,500.0,TOTAL_MEM_PY,SC,circuit_level,0.0086539112675739,6.555710536367815e-06
3,500.0,X_MEM_PY,SC,circuit_level,0.0106796823325794,1.0052065226494448e-05
3,500.0,Z_MEM_PY,SC,circuit_level,0.0112090134088188,1.5000651914746677e-05
3,500.0,TOTAL_MEM_PY,SC,circuit_level,0.01076070082662,7.978654587800097e-06
4,500.0,X_MEM_PY,SC,circuit_level,0.0120067908512068,9.107008517015206e-06
4,500.0,Z_MEM_PY,SC,circuit_level,0.0095769965211341,2.3279925511567133e-05
4,500.0,TOTAL_MEM_PY,SC,circuit_level,0.0108309311547278,1.147489527615551e-05
5,500.0,X_MEM_PY,SC,circuit_level,0.0130279788161902,2.637211142960939e-05
5,500.0,Z_MEM_PY,SC,circuit_level,0.0083315983535489,3.4030216225034444e-05
5,500.0,TOTAL_MEM_PY,SC,circuit_level,0.0095429964008952,2.9712294872430868e-05
6,500.0,X_MEM_PY,SC,circuit_level,0.01395220356518,1.819962523486802e-05
6,500.0,Z_MEM_PY,SC,circuit_level,0.0073752692177266,3.211981565903615e-05
6,500.0,TOTAL_MEM_PY,SC,circuit_level,0.0081364638966736,3.4331623141067176e-05
2,100.0,X_MEM_PY,ZXXZonSqu,circuit_level,0.0108656099679163,7.845714368408702e-06
2,100.0,Z_MEM_PY,ZXXZonSqu,circuit_level,0.0108752666288491,8.722800307122457e-06
2,100.0,TOTAL_MEM_PY,ZXXZonSqu,circuit_level,0.0108657374571586,5.720731065482032e-06
3,100.0,X_MEM_PY,ZXXZonSqu,circuit_level,0.012912739567846,3.994174064735728e-05
3,100.0,Z_MEM_PY,ZXXZonSqu,circuit_level,0.008991399780477,1.792915718569638e-05
3,100.0,TOTAL_MEM_PY,ZXXZonSqu,circuit_level,0.0096198755447035,2.356292365193104e-05
4,100.0,X_MEM_PY,ZXXZonSqu,circuit_level,0.0144116020841133,3.0029444197695783e-05
4,100.0,Z_MEM_PY,ZXXZonSqu,circuit_level,0.0076502780446004,2.768377305545372e-05
4,100.0,TOTAL_MEM_PY,ZXXZonSqu,circuit_level,0.0080422141188003,3.260182048967451e-05
5,100.0,X_MEM_PY,ZXXZonSqu,circuit_level,0.0155146993506362,4.891446774246434e-05
5,100.0,Z_MEM_PY,ZXXZonSqu,circuit_level,0.0067960922930213,4.1245362859526845e-05
5,100.0,TOTAL_MEM_PY,ZXXZonSqu,circuit_level,0.0070156254706422,3.75553734126166e-05
6,100.0,X_MEM_PY,ZXXZonSqu,circuit_level,0.0164679777398364,2.6583332022201748e-05
6,100.0,Z_MEM_PY,ZXXZonSqu,circuit_level,0.0060671609247826,4.735140687714262e-05
6,100.0,TOTAL_MEM_PY,ZXXZonSqu,circuit_level,0.0061954445152671,3.922819898663802e-05
2,500.0,X_MEM_PY,ZXXZonSqu,circuit_level,0.0109160902786756,7.607766071338059e-06
2,500.0,Z_MEM_PY,ZXXZonSqu,circuit_level,0.0109382284846315,8.91979790286212e-06
2,500.0,TOTAL_MEM_PY,ZXXZonSqu,circuit_level,0.0109286549174078,6.2461372118469785e-06
3,500.0,X_MEM_PY,ZXXZonSqu,circuit_level,0.0129943073059815,3.510471879897433e-05
3,500.0,Z_MEM_PY,ZXXZonSqu,circuit_level,0.0090429689539361,1.9339114596996903e-05
3,500.0,TOTAL_MEM_PY,ZXXZonSqu,circuit_level,0.009677401880851,2.470952257818845e-05
4,500.0,X_MEM_PY,ZXXZonSqu,circuit_level,0.0146068337731994,1.7287943478100603e-05
4,500.0,Z_MEM_PY,ZXXZonSqu,circuit_level,0.0077394886274941,2.095553441388024e-05
4,500.0,TOTAL_MEM_PY,ZXXZonSqu,circuit_level,0.0081132311380973,3.239290696972585e-05
5,500.0,X_MEM_PY,ZXXZonSqu,circuit_level,0.0157214565083806,5.912469062195014e-05
5,500.0,Z_MEM_PY,ZXXZonSqu,circuit_level,0.0068065540477177,3.848742404113676e-05
5,500.0,TOTAL_MEM_PY,ZXXZonSqu,circuit_level,0.0070274957697815,3.723309167668735e-05
6,500.0,X_MEM_PY,ZXXZonSqu,circuit_level,0.0168078315509748,4.133220358770437e-05
6,500.0,Z_MEM_PY,ZXXZonSqu,circuit_level,0.0060913404021361,4.854728234768242e-05
6,500.0,TOTAL_MEM_PY,ZXXZonSqu,circuit_level,0.0062180913468389,4.072535607187069e-05
2,1000.0,X_MEM_PY,SC,circuit_level,0.0086273898212623,1.37531659939184e-05
2,1000.0,TOTAL_MEM_PY,SC,circuit_level,0.0086578340208898,1.2291764280500711e-05
3,1000.0,X_MEM_PY,SC,circuit_level,0.0106836913789669,1.5052548184435522e-05
3,1000.0,Z_MEM_PY,SC,circuit_level,0.0112303375381656,2.5332782613554407e-05
3,1000.0,TOTAL_MEM_PY,SC,circuit_level,0.0107667423223633,1.3833355465809326e-05
4,1000.0,X_MEM_PY,SC,circuit_level,0.0120551317496651,2.184351196657617e-05
4,1000.0,Z_MEM_PY,SC,circuit_level,0.0096066742535299,3.226620241624484e-05
4,1000.0,TOTAL_MEM_PY,SC,circuit_level,0.0108455937342976,1.7626642688587188e-05
5,1000.0,X_MEM_PY,SC,circuit_level,0.0126798188098764,0.000208378011147
5,1000.0,Z_MEM_PY,SC,circuit_level,0.0083788565917698,3.59560785877705e-05
5,1000.0,TOTAL_MEM_PY,SC,circuit_level,0.0095657701555777,4.760427830754389e-05
6,1000.0,X_MEM_PY,SC,circuit_level,0.01385548845989,9.880611332819636e-05
6,1000.0,Z_MEM_PY,SC,circuit_level,0.0073512035879671,3.647051349816116e-05
6,1000.0,TOTAL_MEM_PY,SC,circuit_level,0.0081996394770992,4.590178959414636e-05
2,1000.0,X_MEM_PY,ZXXZonSqu,circuit_level,0.0109502732510239,1.2132066262619867e-05
2,1000.0,Z_MEM_PY,ZXXZonSqu,circuit_level,0.0109464087110057,1.2506205008998832e-05
2,1000.0,TOTAL_MEM_PY,ZXXZonSqu,circuit_level,0.010950218476665,7.963355940777081e-06
3,1000.0,X_MEM_PY,ZXXZonSqu,circuit_level,0.012578408520152,0.0003160834549005
3,1000.0,Z_MEM_PY,ZXXZonSqu,circuit_level,0.0090358014845277,2.478283835534404e-05
3,1000.0,TOTAL_MEM_PY,ZXXZonSqu,circuit_level,0.0097108355639066,3.4792441856990444e-05
4,1000.0,X_MEM_PY,ZXXZonSqu,circuit_level,0.0142353243125002,0.0002110189913447
4,1000.0,Z_MEM_PY,ZXXZonSqu,circuit_level,0.0077441809105607,3.3605623930060653e-05
4,1000.0,TOTAL_MEM_PY,ZXXZonSqu,circuit_level,0.008165820857765,3.799342117967386e-05
5,1000.0,Z_MEM_PY,ZXXZonSqu,circuit_level,0.0068376854059336,4.555137269968935e-05
5,1000.0,TOTAL_MEM_PY,ZXXZonSqu,circuit_level,0.0070039309187816,4.369539272387914e-05
6,1000.0,Z_MEM_PY,ZXXZonSqu,circuit_level,0.0061281020674585,5.849668470314956e-05
6,1000.0,TOTAL_MEM_PY,ZXXZonSqu,circuit_level,0.0062413670443666,5.2393516407794407e-05
2,1000.0,X_MEM,SC,circuit_level,0.007469693944688708,1.3013759288086868e-05
2,1000.0,Z_MEM,SC,circuit_level,0.012240079729220341,4.386800170068205e-05
2,1000.0,TOTAL_MEM,SC,circuit_level,0.007493670088584796,1.2060287431099195e-05
3,1000.0,X_MEM,SC,circuit_level,0.009992619688169361,1.5152289879999248e-05
3,1000.0,Z_MEM,SC,circuit_level,0.009242819912039915,2.892251845702683e-05
3,1000.0,TOTAL_MEM,SC,circuit_level,0.009815568857104646,1.2688120470863709e-05
4,1000.0,X_MEM,SC,circuit_level,0.011171746016786397,0.00013038228717182656
4,1000.0,Z_MEM,SC,circuit_level,0.0076270664284579445,5.4580339457528075e-05
4,1000.0,TOTAL_MEM,SC,circuit_level,0.009099219071303967,3.4805938539427026e-05
5,1000.0,X_MEM,SC,circuit_level,0.012488355629927015,0.00013199064367259148
5,1000.0,Z_MEM,SC,circuit_level,0.006602021392812598,4.125251026667073e-05
5,1000.0,TOTAL_MEM,SC,circuit_level,0.007381499745612907,4.9919731114284295e-05
6,1000.0,Z_MEM,SC,circuit_level,0.0058431378485438125,4.221869499163381e-05
6,1000.0,TOTAL_MEM,SC,circuit_level,0.006271500488061028,4.982126582961685e-05
2,1000.0,X_MEM,ZXXZonSqu,circuit_level,0.009566397912515723,1.7256953478491266e-05
2,1000.0,Z_MEM,ZXXZonSqu,circuit_level,0.00963114297634136,1.6429420540203584e-05
2,1000.0,TOTAL_MEM,ZXXZonSqu,circuit_level,0.00959477666510592,1.3053116441598414e-05
3,1000.0,X_MEM,ZXXZonSqu,circuit_level,0.012137691994247937,2.9728563196268658e-05
3,1000.0,Z_MEM,ZXXZonSqu,circuit_level,0.007359910722365583,3.189311455322098e-05
3,1000.0,TOTAL_MEM,ZXXZonSqu,circuit_level,0.00775317837774672,4.207048272356333e-05
4,1000.0,X_MEM,ZXXZonSqu,circuit_level,0.014105856170666339,0.0005191116816393353
4,1000.0,Z_MEM,ZXXZonSqu,circuit_level,0.006160922077226861,3.815747263561779e-05
4,1000.0,TOTAL_MEM,ZXXZonSqu,circuit_level,0.006300845079395674,3.3599045752029506e-05
5,1000.0,Z_MEM,ZXXZonSqu,circuit_level,0.0054242974326552,5.1337473757400646e-05
5,1000.0,TOTAL_MEM,ZXXZonSqu,circuit_level,0.00551393244748862,4.3494372869186116e-05
6,1000.0,Z_MEM,ZXXZonSqu,circuit_level,0.004781203547340203,6.424896337194225e-05
6,1000.0,TOTAL_MEM,ZXXZonSqu,circuit_level,0.004875150989012724,4.79732794273007e-05
