d,num_shots,p,l,eta,error_type,num_log_errors,time_stamp
11.0,10000.0,0.01,4.0,0.5,x,0.0,2024-08-20 16:35:45.158627
11.0,10000.0,0.01,4.0,0.5,z,0.0,2024-08-20 16:35:45.161655
11.0,10000.0,0.01,4.0,0.5,corr_z,0.0,2024-08-20 16:35:45.162900
11.0,10000.0,0.01,4.0,0.5,total,0.0,2024-08-20 16:35:45.164041
11.0,10000.0,0.022564102564102566,4.0,0.5,x,0.0003,2024-08-20 16:35:49.069418
11.0,10000.0,0.022564102564102566,4.0,0.5,z,0.0,2024-08-20 16:35:49.071156
11.0,10000.0,0.022564102564102566,4.0,0.5,corr_z,0.0,2024-08-20 16:35:49.072215
11.0,10000.0,0.022564102564102566,4.0,0.5,total,0.0003,2024-08-20 16:35:49.073274
11.0,10000.0,0.03512820512820513,4.0,0.5,x,0.0016,2024-08-20 16:35:53.040338
11.0,10000.0,0.03512820512820513,4.0,0.5,z,0.0,2024-08-20 16:35:53.041988
11.0,10000.0,0.03512820512820513,4.0,0.5,corr_z,0.0,2024-08-20 16:35:53.043097
11.0,10000.0,0.03512820512820513,4.0,0.5,total,0.0016,2024-08-20 16:35:53.044281
11.0,10000.0,0.047692307692307694,4.0,0.5,x,0.0049,2024-08-20 16:35:56.939315
11.0,10000.0,0.047692307692307694,4.0,0.5,z,0.0003,2024-08-20 16:35:56.941033
11.0,10000.0,0.047692307692307694,4.0,0.5,corr_z,0.0003,2024-08-20 16:35:56.942098
11.0,10000.0,0.047692307692307694,4.0,0.5,total,0.0052,2024-08-20 16:35:56.943153
11.0,10000.0,0.06025641025641026,4.0,0.5,x,0.0165,2024-08-20 16:36:00.898348
11.0,10000.0,0.06025641025641026,4.0,0.5,z,0.0002,2024-08-20 16:36:00.900029
11.0,10000.0,0.06025641025641026,4.0,0.5,corr_z,0.0008,2024-08-20 16:36:00.901181
11.0,10000.0,0.06025641025641026,4.0,0.5,total,0.0167,2024-08-20 16:36:00.902335
11.0,10000.0,0.07282051282051281,4.0,0.5,x,0.0318,2024-08-20 16:36:04.955097
11.0,10000.0,0.07282051282051281,4.0,0.5,z,0.001,2024-08-20 16:36:04.956830
11.0,10000.0,0.07282051282051281,4.0,0.5,corr_z,0.0029,2024-08-20 16:36:04.957835
11.0,10000.0,0.07282051282051281,4.0,0.5,total,0.0328,2024-08-20 16:36:04.958893
11.0,10000.0,0.08538461538461538,4.0,0.5,x,0.0565,2024-08-20 16:36:09.040541
11.0,10000.0,0.08538461538461538,4.0,0.5,z,0.0019,2024-08-20 16:36:09.042255
11.0,10000.0,0.08538461538461538,4.0,0.5,corr_z,0.0047,2024-08-20 16:36:09.043400
11.0,10000.0,0.08538461538461538,4.0,0.5,total,0.0584,2024-08-20 16:36:09.044529
11.0,10000.0,0.09794871794871794,4.0,0.5,x,0.0862,2024-08-20 16:36:13.141064
11.0,10000.0,0.09794871794871794,4.0,0.5,z,0.0039,2024-08-20 16:36:13.142871
11.0,10000.0,0.09794871794871794,4.0,0.5,corr_z,0.0104,2024-08-20 16:36:13.144017
11.0,10000.0,0.09794871794871794,4.0,0.5,total,0.0901,2024-08-20 16:36:13.145100
11.0,10000.0,0.1105128205128205,4.0,0.5,x,0.1212,2024-08-20 16:36:17.215877
11.0,10000.0,0.1105128205128205,4.0,0.5,z,0.0085,2024-08-20 16:36:17.217646
11.0,10000.0,0.1105128205128205,4.0,0.5,corr_z,0.0164,2024-08-20 16:36:17.218730
11.0,10000.0,0.1105128205128205,4.0,0.5,total,0.1297,2024-08-20 16:36:17.219811
11.0,10000.0,0.12307692307692307,4.0,0.5,x,0.1688,2024-08-20 16:36:21.415787
11.0,10000.0,0.12307692307692307,4.0,0.5,z,0.0153,2024-08-20 16:36:21.417615
11.0,10000.0,0.12307692307692307,4.0,0.5,corr_z,0.0289,2024-08-20 16:36:21.418778
11.0,10000.0,0.12307692307692307,4.0,0.5,total,0.1841,2024-08-20 16:36:21.419911
11.0,10000.0,0.13564102564102565,4.0,0.5,x,0.2056,2024-08-20 16:36:25.672177
11.0,10000.0,0.13564102564102565,4.0,0.5,z,0.0251,2024-08-20 16:36:25.673996
11.0,10000.0,0.13564102564102565,4.0,0.5,corr_z,0.0437,2024-08-20 16:36:25.675074
11.0,10000.0,0.13564102564102565,4.0,0.5,total,0.2307,2024-08-20 16:36:25.676139
11.0,10000.0,0.1482051282051282,4.0,0.5,x,0.2559,2024-08-20 16:36:29.972195
11.0,10000.0,0.1482051282051282,4.0,0.5,z,0.0349,2024-08-20 16:36:29.974052
11.0,10000.0,0.1482051282051282,4.0,0.5,corr_z,0.0582,2024-08-20 16:36:29.975161
11.0,10000.0,0.1482051282051282,4.0,0.5,total,0.2908,2024-08-20 16:36:29.976213
11.0,10000.0,0.16076923076923078,4.0,0.5,x,0.2916,2024-08-20 16:36:34.279968
11.0,10000.0,0.16076923076923078,4.0,0.5,z,0.0502,2024-08-20 16:36:34.281739
11.0,10000.0,0.16076923076923078,4.0,0.5,corr_z,0.0766,2024-08-20 16:36:34.282814
11.0,10000.0,0.16076923076923078,4.0,0.5,total,0.3418,2024-08-20 16:36:34.283865
11.0,10000.0,0.17333333333333334,4.0,0.5,x,0.3319,2024-08-20 16:36:38.526590
11.0,10000.0,0.17333333333333334,4.0,0.5,z,0.0683,2024-08-20 16:36:38.528312
11.0,10000.0,0.17333333333333334,4.0,0.5,corr_z,0.0991,2024-08-20 16:36:38.529398
11.0,10000.0,0.17333333333333334,4.0,0.5,total,0.4002,2024-08-20 16:36:38.530540
11.0,10000.0,0.1858974358974359,4.0,0.5,x,0.356,2024-08-20 16:36:42.908993
11.0,10000.0,0.1858974358974359,4.0,0.5,z,0.0908,2024-08-20 16:36:42.910747
11.0,10000.0,0.1858974358974359,4.0,0.5,corr_z,0.1278,2024-08-20 16:36:42.911915
11.0,10000.0,0.1858974358974359,4.0,0.5,total,0.4468,2024-08-20 16:36:42.912956
11.0,10000.0,0.19846153846153847,4.0,0.5,x,0.3847,2024-08-20 16:36:47.352497
11.0,10000.0,0.19846153846153847,4.0,0.5,z,0.1211,2024-08-20 16:36:47.354139
11.0,10000.0,0.19846153846153847,4.0,0.5,corr_z,0.1506,2024-08-20 16:36:47.355196
11.0,10000.0,0.19846153846153847,4.0,0.5,total,0.5058,2024-08-20 16:36:47.356364
11.0,10000.0,0.21102564102564103,4.0,0.5,x,0.4195,2024-08-20 16:36:51.846103
11.0,10000.0,0.21102564102564103,4.0,0.5,z,0.1501,2024-08-20 16:36:51.847774
11.0,10000.0,0.21102564102564103,4.0,0.5,corr_z,0.186,2024-08-20 16:36:51.848947
11.0,10000.0,0.21102564102564103,4.0,0.5,total,0.5696,2024-08-20 16:36:51.849979
11.0,10000.0,0.2235897435897436,4.0,0.5,x,0.4314,2024-08-20 16:36:56.289768
11.0,10000.0,0.2235897435897436,4.0,0.5,z,0.1788,2024-08-20 16:36:56.291447
11.0,10000.0,0.2235897435897436,4.0,0.5,corr_z,0.2188,2024-08-20 16:36:56.292565
11.0,10000.0,0.2235897435897436,4.0,0.5,total,0.6102,2024-08-20 16:36:56.293647
11.0,10000.0,0.23615384615384616,4.0,0.5,x,0.4446,2024-08-20 16:37:00.780128
11.0,10000.0,0.23615384615384616,4.0,0.5,z,0.2066,2024-08-20 16:37:00.781823
11.0,10000.0,0.23615384615384616,4.0,0.5,corr_z,0.2453,2024-08-20 16:37:00.782877
11.0,10000.0,0.23615384615384616,4.0,0.5,total,0.6512,2024-08-20 16:37:00.783998
11.0,10000.0,0.24871794871794872,4.0,0.5,x,0.4529,2024-08-20 16:37:05.367358
11.0,10000.0,0.24871794871794872,4.0,0.5,z,0.2382,2024-08-20 16:37:05.369148
11.0,10000.0,0.24871794871794872,4.0,0.5,corr_z,0.284,2024-08-20 16:37:05.370353
11.0,10000.0,0.24871794871794872,4.0,0.5,total,0.6911,2024-08-20 16:37:05.371533
11.0,10000.0,0.2612820512820513,4.0,0.5,x,0.4666,2024-08-20 16:37:09.957469
11.0,10000.0,0.2612820512820513,4.0,0.5,z,0.2753,2024-08-20 16:37:09.959139
11.0,10000.0,0.2612820512820513,4.0,0.5,corr_z,0.3079,2024-08-20 16:37:09.960211
11.0,10000.0,0.2612820512820513,4.0,0.5,total,0.7419,2024-08-20 16:37:09.961273
11.0,10000.0,0.27384615384615385,4.0,0.5,x,0.4745,2024-08-20 16:37:14.560388
11.0,10000.0,0.27384615384615385,4.0,0.5,z,0.3069,2024-08-20 16:37:14.562040
11.0,10000.0,0.27384615384615385,4.0,0.5,corr_z,0.3356,2024-08-20 16:37:14.563111
11.0,10000.0,0.27384615384615385,4.0,0.5,total,0.7814,2024-08-20 16:37:14.564165
11.0,10000.0,0.2864102564102564,4.0,0.5,x,0.485,2024-08-20 16:37:19.077313
11.0,10000.0,0.2864102564102564,4.0,0.5,z,0.3356,2024-08-20 16:37:19.078899
11.0,10000.0,0.2864102564102564,4.0,0.5,corr_z,0.364,2024-08-20 16:37:19.079972
11.0,10000.0,0.2864102564102564,4.0,0.5,total,0.8206,2024-08-20 16:37:19.081012
11.0,10000.0,0.298974358974359,4.0,0.5,x,0.4748,2024-08-20 16:37:23.691753
11.0,10000.0,0.298974358974359,4.0,0.5,z,0.359,2024-08-20 16:37:23.693408
11.0,10000.0,0.298974358974359,4.0,0.5,corr_z,0.3898,2024-08-20 16:37:23.694471
11.0,10000.0,0.298974358974359,4.0,0.5,total,0.8338,2024-08-20 16:37:23.695493
11.0,10000.0,0.31153846153846154,4.0,0.5,x,0.4822,2024-08-20 16:37:28.387618
11.0,10000.0,0.31153846153846154,4.0,0.5,z,0.3887,2024-08-20 16:37:28.389458
11.0,10000.0,0.31153846153846154,4.0,0.5,corr_z,0.4074,2024-08-20 16:37:28.390529
11.0,10000.0,0.31153846153846154,4.0,0.5,total,0.8709,2024-08-20 16:37:28.391584
11.0,10000.0,0.3241025641025641,4.0,0.5,x,0.498,2024-08-20 16:37:33.072606
11.0,10000.0,0.3241025641025641,4.0,0.5,z,0.4036,2024-08-20 16:37:33.074404
11.0,10000.0,0.3241025641025641,4.0,0.5,corr_z,0.4248,2024-08-20 16:37:33.075559
11.0,10000.0,0.3241025641025641,4.0,0.5,total,0.9016,2024-08-20 16:37:33.076782
11.0,10000.0,0.33666666666666667,4.0,0.5,x,0.4989,2024-08-20 16:37:37.687120
11.0,10000.0,0.33666666666666667,4.0,0.5,z,0.4353,2024-08-20 16:37:37.688896
11.0,10000.0,0.33666666666666667,4.0,0.5,corr_z,0.449,2024-08-20 16:37:37.689902
11.0,10000.0,0.33666666666666667,4.0,0.5,total,0.9342,2024-08-20 16:37:37.690965
11.0,10000.0,0.34923076923076923,4.0,0.5,x,0.4905,2024-08-20 16:37:42.362424
11.0,10000.0,0.34923076923076923,4.0,0.5,z,0.439,2024-08-20 16:37:42.364293
11.0,10000.0,0.34923076923076923,4.0,0.5,corr_z,0.4563,2024-08-20 16:37:42.365488
11.0,10000.0,0.34923076923076923,4.0,0.5,total,0.9295,2024-08-20 16:37:42.366641
11.0,10000.0,0.3617948717948718,4.0,0.5,x,0.4977,2024-08-20 16:37:47.104774
11.0,10000.0,0.3617948717948718,4.0,0.5,z,0.4614,2024-08-20 16:37:47.106518
11.0,10000.0,0.3617948717948718,4.0,0.5,corr_z,0.4673,2024-08-20 16:37:47.107591
11.0,10000.0,0.3617948717948718,4.0,0.5,total,0.9591,2024-08-20 16:37:47.108629
11.0,10000.0,0.37435897435897436,4.0,0.5,x,0.4979,2024-08-20 16:37:51.864838
11.0,10000.0,0.37435897435897436,4.0,0.5,z,0.4661,2024-08-20 16:37:51.866539
11.0,10000.0,0.37435897435897436,4.0,0.5,corr_z,0.481,2024-08-20 16:37:51.867601
11.0,10000.0,0.37435897435897436,4.0,0.5,total,0.964,2024-08-20 16:37:51.868651
11.0,10000.0,0.3869230769230769,4.0,0.5,x,0.4987,2024-08-20 16:37:56.552237
11.0,10000.0,0.3869230769230769,4.0,0.5,z,0.4805,2024-08-20 16:37:56.553948
11.0,10000.0,0.3869230769230769,4.0,0.5,corr_z,0.4832,2024-08-20 16:37:56.555005
11.0,10000.0,0.3869230769230769,4.0,0.5,total,0.9792,2024-08-20 16:37:56.556048
11.0,10000.0,0.3994871794871795,4.0,0.5,x,0.4949,2024-08-20 16:38:01.247693
11.0,10000.0,0.3994871794871795,4.0,0.5,z,0.4769,2024-08-20 16:38:01.249409
11.0,10000.0,0.3994871794871795,4.0,0.5,corr_z,0.485,2024-08-20 16:38:01.250495
11.0,10000.0,0.3994871794871795,4.0,0.5,total,0.9718,2024-08-20 16:38:01.251537
11.0,10000.0,0.41205128205128205,4.0,0.5,x,0.4961,2024-08-20 16:38:06.030754
11.0,10000.0,0.41205128205128205,4.0,0.5,z,0.4894,2024-08-20 16:38:06.032558
11.0,10000.0,0.41205128205128205,4.0,0.5,corr_z,0.4856,2024-08-20 16:38:06.033721
11.0,10000.0,0.41205128205128205,4.0,0.5,total,0.9855,2024-08-20 16:38:06.034847
11.0,10000.0,0.4246153846153846,4.0,0.5,x,0.4954,2024-08-20 16:38:10.836079
11.0,10000.0,0.4246153846153846,4.0,0.5,z,0.4833,2024-08-20 16:38:10.837860
11.0,10000.0,0.4246153846153846,4.0,0.5,corr_z,0.4949,2024-08-20 16:38:10.839012
11.0,10000.0,0.4246153846153846,4.0,0.5,total,0.9787,2024-08-20 16:38:10.840142
11.0,10000.0,0.4371794871794872,4.0,0.5,x,0.5029,2024-08-20 16:38:15.609448
11.0,10000.0,0.4371794871794872,4.0,0.5,z,0.4964,2024-08-20 16:38:15.611235
11.0,10000.0,0.4371794871794872,4.0,0.5,corr_z,0.5004,2024-08-20 16:38:15.612416
11.0,10000.0,0.4371794871794872,4.0,0.5,total,0.9993,2024-08-20 16:38:15.613579
11.0,10000.0,0.44974358974358974,4.0,0.5,x,0.4908,2024-08-20 16:38:20.335745
11.0,10000.0,0.44974358974358974,4.0,0.5,z,0.498,2024-08-20 16:38:20.337505
11.0,10000.0,0.44974358974358974,4.0,0.5,corr_z,0.5016,2024-08-20 16:38:20.338639
11.0,10000.0,0.44974358974358974,4.0,0.5,total,0.9888,2024-08-20 16:38:20.339812
11.0,10000.0,0.4623076923076923,4.0,0.5,x,0.499,2024-08-20 16:38:25.146911
11.0,10000.0,0.4623076923076923,4.0,0.5,z,0.4962,2024-08-20 16:38:25.148711
11.0,10000.0,0.4623076923076923,4.0,0.5,corr_z,0.4978,2024-08-20 16:38:25.149838
11.0,10000.0,0.4623076923076923,4.0,0.5,total,0.9952,2024-08-20 16:38:25.150896
11.0,10000.0,0.4748717948717949,4.0,0.5,x,0.5041,2024-08-20 16:38:29.981679
11.0,10000.0,0.4748717948717949,4.0,0.5,z,0.4962,2024-08-20 16:38:29.983419
11.0,10000.0,0.4748717948717949,4.0,0.5,corr_z,0.4924,2024-08-20 16:38:29.984528
11.0,10000.0,0.4748717948717949,4.0,0.5,total,1.0003,2024-08-20 16:38:29.985565
11.0,10000.0,0.48743589743589744,4.0,0.5,x,0.4944,2024-08-20 16:38:34.814810
11.0,10000.0,0.48743589743589744,4.0,0.5,z,0.5033,2024-08-20 16:38:34.816546
11.0,10000.0,0.48743589743589744,4.0,0.5,corr_z,0.5046,2024-08-20 16:38:34.817623
11.0,10000.0,0.48743589743589744,4.0,0.5,total,0.9977,2024-08-20 16:38:34.818674
11.0,10000.0,0.5,4.0,0.5,x,0.4986,2024-08-20 16:38:39.586932
11.0,10000.0,0.5,4.0,0.5,z,0.4965,2024-08-20 16:38:39.588763
11.0,10000.0,0.5,4.0,0.5,corr_z,0.4938,2024-08-20 16:38:39.589846
11.0,10000.0,0.5,4.0,0.5,total,0.9951,2024-08-20 16:38:39.590886
13.0,10000.0,0.01,4.0,0.5,x,0.0,2024-08-20 16:38:44.095506
13.0,10000.0,0.01,4.0,0.5,z,0.0,2024-08-20 16:38:44.097408
13.0,10000.0,0.01,4.0,0.5,corr_z,0.0,2024-08-20 16:38:44.098476
13.0,10000.0,0.01,4.0,0.5,total,0.0,2024-08-20 16:38:44.099515
13.0,10000.0,0.022564102564102566,4.0,0.5,x,0.0,2024-08-20 16:38:48.625426
13.0,10000.0,0.022564102564102566,4.0,0.5,z,0.0,2024-08-20 16:38:48.627260
13.0,10000.0,0.022564102564102566,4.0,0.5,corr_z,0.0,2024-08-20 16:38:48.628372
13.0,10000.0,0.022564102564102566,4.0,0.5,total,0.0,2024-08-20 16:38:48.629430
13.0,10000.0,0.03512820512820513,4.0,0.5,x,0.0006,2024-08-20 16:38:53.216559
13.0,10000.0,0.03512820512820513,4.0,0.5,z,0.0,2024-08-20 16:38:53.218376
13.0,10000.0,0.03512820512820513,4.0,0.5,corr_z,0.0,2024-08-20 16:38:53.219437
13.0,10000.0,0.03512820512820513,4.0,0.5,total,0.0006,2024-08-20 16:38:53.220493
13.0,10000.0,0.047692307692307694,4.0,0.5,x,0.003,2024-08-20 16:38:57.761392
13.0,10000.0,0.047692307692307694,4.0,0.5,z,0.0,2024-08-20 16:38:57.763150
13.0,10000.0,0.047692307692307694,4.0,0.5,corr_z,0.0001,2024-08-20 16:38:57.764328
13.0,10000.0,0.047692307692307694,4.0,0.5,total,0.003,2024-08-20 16:38:57.765408
13.0,10000.0,0.06025641025641026,4.0,0.5,x,0.0113,2024-08-20 16:39:02.412611
13.0,10000.0,0.06025641025641026,4.0,0.5,z,0.0001,2024-08-20 16:39:02.414527
13.0,10000.0,0.06025641025641026,4.0,0.5,corr_z,0.0009,2024-08-20 16:39:02.415605
13.0,10000.0,0.06025641025641026,4.0,0.5,total,0.0114,2024-08-20 16:39:02.416658
13.0,10000.0,0.07282051282051281,4.0,0.5,x,0.0323,2024-08-20 16:39:07.153995
13.0,10000.0,0.07282051282051281,4.0,0.5,z,0.0004,2024-08-20 16:39:07.155824
13.0,10000.0,0.07282051282051281,4.0,0.5,corr_z,0.001,2024-08-20 16:39:07.156975
13.0,10000.0,0.07282051282051281,4.0,0.5,total,0.0327,2024-08-20 16:39:07.158063
13.0,10000.0,0.08538461538461538,4.0,0.5,x,0.0637,2024-08-20 16:39:11.978131
13.0,10000.0,0.08538461538461538,4.0,0.5,z,0.001,2024-08-20 16:39:11.979973
13.0,10000.0,0.08538461538461538,4.0,0.5,corr_z,0.0027,2024-08-20 16:39:11.981146
13.0,10000.0,0.08538461538461538,4.0,0.5,total,0.0647,2024-08-20 16:39:11.982279
13.0,10000.0,0.09794871794871794,4.0,0.5,x,0.095,2024-08-20 16:39:16.759552
13.0,10000.0,0.09794871794871794,4.0,0.5,z,0.0025,2024-08-20 16:39:16.761341
13.0,10000.0,0.09794871794871794,4.0,0.5,corr_z,0.0074,2024-08-20 16:39:16.762359
13.0,10000.0,0.09794871794871794,4.0,0.5,total,0.0975,2024-08-20 16:39:16.763413
13.0,10000.0,0.1105128205128205,4.0,0.5,x,0.1392,2024-08-20 16:39:21.626777
13.0,10000.0,0.1105128205128205,4.0,0.5,z,0.0039,2024-08-20 16:39:21.628717
13.0,10000.0,0.1105128205128205,4.0,0.5,corr_z,0.01,2024-08-20 16:39:21.629875
13.0,10000.0,0.1105128205128205,4.0,0.5,total,0.1431,2024-08-20 16:39:21.631029
13.0,10000.0,0.12307692307692307,4.0,0.5,x,0.1828,2024-08-20 16:39:26.601414
13.0,10000.0,0.12307692307692307,4.0,0.5,z,0.0097,2024-08-20 16:39:26.603164
13.0,10000.0,0.12307692307692307,4.0,0.5,corr_z,0.0181,2024-08-20 16:39:26.604265
13.0,10000.0,0.12307692307692307,4.0,0.5,total,0.1925,2024-08-20 16:39:26.605319
13.0,10000.0,0.13564102564102565,4.0,0.5,x,0.2366,2024-08-20 16:39:31.683021
13.0,10000.0,0.13564102564102565,4.0,0.5,z,0.0168,2024-08-20 16:39:31.684898
13.0,10000.0,0.13564102564102565,4.0,0.5,corr_z,0.0287,2024-08-20 16:39:31.686059
13.0,10000.0,0.13564102564102565,4.0,0.5,total,0.2534,2024-08-20 16:39:31.687147
13.0,10000.0,0.1482051282051282,4.0,0.5,x,0.2814,2024-08-20 16:39:36.696675
13.0,10000.0,0.1482051282051282,4.0,0.5,z,0.0268,2024-08-20 16:39:36.698474
13.0,10000.0,0.1482051282051282,4.0,0.5,corr_z,0.0449,2024-08-20 16:39:36.699564
13.0,10000.0,0.1482051282051282,4.0,0.5,total,0.3082,2024-08-20 16:39:36.700599
13.0,10000.0,0.16076923076923078,4.0,0.5,x,0.3258,2024-08-20 16:39:41.758904
13.0,10000.0,0.16076923076923078,4.0,0.5,z,0.0366,2024-08-20 16:39:41.760693
13.0,10000.0,0.16076923076923078,4.0,0.5,corr_z,0.0636,2024-08-20 16:39:41.761819
13.0,10000.0,0.16076923076923078,4.0,0.5,total,0.3624,2024-08-20 16:39:41.762859
13.0,10000.0,0.17333333333333334,4.0,0.5,x,0.3625,2024-08-20 16:39:46.940237
13.0,10000.0,0.17333333333333334,4.0,0.5,z,0.0599,2024-08-20 16:39:46.942058
13.0,10000.0,0.17333333333333334,4.0,0.5,corr_z,0.0847,2024-08-20 16:39:46.943225
13.0,10000.0,0.17333333333333334,4.0,0.5,total,0.4224,2024-08-20 16:39:46.944399
13.0,10000.0,0.1858974358974359,4.0,0.5,x,0.3913,2024-08-20 16:39:52.144034
13.0,10000.0,0.1858974358974359,4.0,0.5,z,0.0754,2024-08-20 16:39:52.145905
13.0,10000.0,0.1858974358974359,4.0,0.5,corr_z,0.114,2024-08-20 16:39:52.147085
13.0,10000.0,0.1858974358974359,4.0,0.5,total,0.4667,2024-08-20 16:39:52.148256
13.0,10000.0,0.19846153846153847,4.0,0.5,x,0.4162,2024-08-20 16:39:57.335947
13.0,10000.0,0.19846153846153847,4.0,0.5,z,0.1022,2024-08-20 16:39:57.337892
13.0,10000.0,0.19846153846153847,4.0,0.5,corr_z,0.145,2024-08-20 16:39:57.338976
13.0,10000.0,0.19846153846153847,4.0,0.5,total,0.5184,2024-08-20 16:39:57.340044
13.0,10000.0,0.21102564102564103,4.0,0.5,x,0.4262,2024-08-20 16:40:02.665798
13.0,10000.0,0.21102564102564103,4.0,0.5,z,0.1342,2024-08-20 16:40:02.667581
13.0,10000.0,0.21102564102564103,4.0,0.5,corr_z,0.1768,2024-08-20 16:40:02.668655
13.0,10000.0,0.21102564102564103,4.0,0.5,total,0.5604,2024-08-20 16:40:02.669709
13.0,10000.0,0.2235897435897436,4.0,0.5,x,0.4552,2024-08-20 16:40:08.084867
13.0,10000.0,0.2235897435897436,4.0,0.5,z,0.1659,2024-08-20 16:40:08.086777
13.0,10000.0,0.2235897435897436,4.0,0.5,corr_z,0.2142,2024-08-20 16:40:08.087942
13.0,10000.0,0.2235897435897436,4.0,0.5,total,0.6211,2024-08-20 16:40:08.089032
13.0,10000.0,0.23615384615384616,4.0,0.5,x,0.4588,2024-08-20 16:40:13.464794
13.0,10000.0,0.23615384615384616,4.0,0.5,z,0.2104,2024-08-20 16:40:13.466599
13.0,10000.0,0.23615384615384616,4.0,0.5,corr_z,0.2534,2024-08-20 16:40:13.467694
13.0,10000.0,0.23615384615384616,4.0,0.5,total,0.6692,2024-08-20 16:40:13.468746
13.0,10000.0,0.24871794871794872,4.0,0.5,x,0.4767,2024-08-20 16:40:18.804269
13.0,10000.0,0.24871794871794872,4.0,0.5,z,0.2402,2024-08-20 16:40:18.805929
13.0,10000.0,0.24871794871794872,4.0,0.5,corr_z,0.2818,2024-08-20 16:40:18.807010
13.0,10000.0,0.24871794871794872,4.0,0.5,total,0.7169,2024-08-20 16:40:18.808024
13.0,10000.0,0.2612820512820513,4.0,0.5,x,0.4836,2024-08-20 16:40:24.281835
13.0,10000.0,0.2612820512820513,4.0,0.5,z,0.2709,2024-08-20 16:40:24.283613
13.0,10000.0,0.2612820512820513,4.0,0.5,corr_z,0.3081,2024-08-20 16:40:24.284780
13.0,10000.0,0.2612820512820513,4.0,0.5,total,0.7545,2024-08-20 16:40:24.285836
13.0,10000.0,0.27384615384615385,4.0,0.5,x,0.4811,2024-08-20 16:40:29.830736
13.0,10000.0,0.27384615384615385,4.0,0.5,z,0.3136,2024-08-20 16:40:29.832537
13.0,10000.0,0.27384615384615385,4.0,0.5,corr_z,0.3434,2024-08-20 16:40:29.833716
13.0,10000.0,0.27384615384615385,4.0,0.5,total,0.7947,2024-08-20 16:40:29.834837
13.0,10000.0,0.2864102564102564,4.0,0.5,x,0.4971,2024-08-20 16:40:35.369787
13.0,10000.0,0.2864102564102564,4.0,0.5,z,0.3384,2024-08-20 16:40:35.371665
13.0,10000.0,0.2864102564102564,4.0,0.5,corr_z,0.3693,2024-08-20 16:40:35.372830
13.0,10000.0,0.2864102564102564,4.0,0.5,total,0.8355,2024-08-20 16:40:35.373964
13.0,10000.0,0.298974358974359,4.0,0.5,x,0.4935,2024-08-20 16:40:40.918315
13.0,10000.0,0.298974358974359,4.0,0.5,z,0.3723,2024-08-20 16:40:40.920205
13.0,10000.0,0.298974358974359,4.0,0.5,corr_z,0.4003,2024-08-20 16:40:40.921372
13.0,10000.0,0.298974358974359,4.0,0.5,total,0.8658,2024-08-20 16:40:40.922445
13.0,10000.0,0.31153846153846154,4.0,0.5,x,0.4989,2024-08-20 16:40:46.582115
13.0,10000.0,0.31153846153846154,4.0,0.5,z,0.3922,2024-08-20 16:40:46.583981
13.0,10000.0,0.31153846153846154,4.0,0.5,corr_z,0.4212,2024-08-20 16:40:46.585066
13.0,10000.0,0.31153846153846154,4.0,0.5,total,0.8911,2024-08-20 16:40:46.586108
13.0,10000.0,0.3241025641025641,4.0,0.5,x,0.4994,2024-08-20 16:40:52.266210
13.0,10000.0,0.3241025641025641,4.0,0.5,z,0.4132,2024-08-20 16:40:52.268029
13.0,10000.0,0.3241025641025641,4.0,0.5,corr_z,0.4424,2024-08-20 16:40:52.269112
13.0,10000.0,0.3241025641025641,4.0,0.5,total,0.9126,2024-08-20 16:40:52.270169
13.0,10000.0,0.33666666666666667,4.0,0.5,x,0.4911,2024-08-20 16:40:57.876741
13.0,10000.0,0.33666666666666667,4.0,0.5,z,0.4437,2024-08-20 16:40:57.878493
13.0,10000.0,0.33666666666666667,4.0,0.5,corr_z,0.4594,2024-08-20 16:40:57.879611
13.0,10000.0,0.33666666666666667,4.0,0.5,total,0.9348,2024-08-20 16:40:57.880661
13.0,10000.0,0.34923076923076923,4.0,0.5,x,0.4988,2024-08-20 16:41:03.517531
13.0,10000.0,0.34923076923076923,4.0,0.5,z,0.4553,2024-08-20 16:41:03.519370
13.0,10000.0,0.34923076923076923,4.0,0.5,corr_z,0.4745,2024-08-20 16:41:03.520451
13.0,10000.0,0.34923076923076923,4.0,0.5,total,0.9541,2024-08-20 16:41:03.521576
13.0,10000.0,0.3617948717948718,4.0,0.5,x,0.5014,2024-08-20 16:41:09.273664
13.0,10000.0,0.3617948717948718,4.0,0.5,z,0.4636,2024-08-20 16:41:09.275446
13.0,10000.0,0.3617948717948718,4.0,0.5,corr_z,0.4731,2024-08-20 16:41:09.276516
13.0,10000.0,0.3617948717948718,4.0,0.5,total,0.965,2024-08-20 16:41:09.277600
13.0,10000.0,0.37435897435897436,4.0,0.5,x,0.4962,2024-08-20 16:41:15.009759
13.0,10000.0,0.37435897435897436,4.0,0.5,z,0.482,2024-08-20 16:41:15.011553
13.0,10000.0,0.37435897435897436,4.0,0.5,corr_z,0.4886,2024-08-20 16:41:15.012623
13.0,10000.0,0.37435897435897436,4.0,0.5,total,0.9782,2024-08-20 16:41:15.013672
13.0,10000.0,0.3869230769230769,4.0,0.5,x,0.4994,2024-08-20 16:41:20.691887
13.0,10000.0,0.3869230769230769,4.0,0.5,z,0.4844,2024-08-20 16:41:20.693871
13.0,10000.0,0.3869230769230769,4.0,0.5,corr_z,0.4918,2024-08-20 16:41:20.695050
13.0,10000.0,0.3869230769230769,4.0,0.5,total,0.9838,2024-08-20 16:41:20.696263
13.0,10000.0,0.3994871794871795,4.0,0.5,x,0.5036,2024-08-20 16:41:26.531642
13.0,10000.0,0.3994871794871795,4.0,0.5,z,0.4929,2024-08-20 16:41:26.533558
13.0,10000.0,0.3994871794871795,4.0,0.5,corr_z,0.4903,2024-08-20 16:41:26.534715
13.0,10000.0,0.3994871794871795,4.0,0.5,total,0.9965,2024-08-20 16:41:26.535779
13.0,10000.0,0.41205128205128205,4.0,0.5,x,0.5003,2024-08-20 16:41:32.344214
13.0,10000.0,0.41205128205128205,4.0,0.5,z,0.4968,2024-08-20 16:41:32.346086
13.0,10000.0,0.41205128205128205,4.0,0.5,corr_z,0.4894,2024-08-20 16:41:32.347177
13.0,10000.0,0.41205128205128205,4.0,0.5,total,0.9971,2024-08-20 16:41:32.348265
13.0,10000.0,0.4246153846153846,4.0,0.5,x,0.5025,2024-08-20 16:41:38.046523
13.0,10000.0,0.4246153846153846,4.0,0.5,z,0.4979,2024-08-20 16:41:38.048346
13.0,10000.0,0.4246153846153846,4.0,0.5,corr_z,0.5086,2024-08-20 16:41:38.049439
13.0,10000.0,0.4246153846153846,4.0,0.5,total,1.0004,2024-08-20 16:41:38.050492
13.0,10000.0,0.4371794871794872,4.0,0.5,x,0.5006,2024-08-20 16:41:43.835044
13.0,10000.0,0.4371794871794872,4.0,0.5,z,0.4894,2024-08-20 16:41:43.836930
13.0,10000.0,0.4371794871794872,4.0,0.5,corr_z,0.5013,2024-08-20 16:41:43.838029
13.0,10000.0,0.4371794871794872,4.0,0.5,total,0.99,2024-08-20 16:41:43.839078
13.0,10000.0,0.44974358974358974,4.0,0.5,x,0.4926,2024-08-20 16:41:49.724799
13.0,10000.0,0.44974358974358974,4.0,0.5,z,0.5011,2024-08-20 16:41:49.726724
13.0,10000.0,0.44974358974358974,4.0,0.5,corr_z,0.495,2024-08-20 16:41:49.727831
13.0,10000.0,0.44974358974358974,4.0,0.5,total,0.9937,2024-08-20 16:41:49.728944
13.0,10000.0,0.4623076923076923,4.0,0.5,x,0.4972,2024-08-20 16:41:55.583623
13.0,10000.0,0.4623076923076923,4.0,0.5,z,0.4973,2024-08-20 16:41:55.585476
13.0,10000.0,0.4623076923076923,4.0,0.5,corr_z,0.496,2024-08-20 16:41:55.586613
13.0,10000.0,0.4623076923076923,4.0,0.5,total,0.9945,2024-08-20 16:41:55.587692
13.0,10000.0,0.4748717948717949,4.0,0.5,x,0.4982,2024-08-20 16:42:01.421722
13.0,10000.0,0.4748717948717949,4.0,0.5,z,0.4972,2024-08-20 16:42:01.423608
13.0,10000.0,0.4748717948717949,4.0,0.5,corr_z,0.5038,2024-08-20 16:42:01.424766
13.0,10000.0,0.4748717948717949,4.0,0.5,total,0.9954,2024-08-20 16:42:01.425890
13.0,10000.0,0.48743589743589744,4.0,0.5,x,0.5021,2024-08-20 16:42:07.339615
13.0,10000.0,0.48743589743589744,4.0,0.5,z,0.5031,2024-08-20 16:42:07.341414
13.0,10000.0,0.48743589743589744,4.0,0.5,corr_z,0.4996,2024-08-20 16:42:07.342502
13.0,10000.0,0.48743589743589744,4.0,0.5,total,1.0052,2024-08-20 16:42:07.343646
13.0,10000.0,0.5,4.0,0.5,x,0.4996,2024-08-20 16:42:13.247022
13.0,10000.0,0.5,4.0,0.5,z,0.4953,2024-08-20 16:42:13.248786
13.0,10000.0,0.5,4.0,0.5,corr_z,0.4966,2024-08-20 16:42:13.249857
13.0,10000.0,0.5,4.0,0.5,total,0.9949,2024-08-20 16:42:13.250903
15.0,10000.0,0.01,4.0,0.5,x,0.0,2024-08-20 16:42:18.373938
15.0,10000.0,0.01,4.0,0.5,z,0.0,2024-08-20 16:42:18.375753
15.0,10000.0,0.01,4.0,0.5,corr_z,0.0,2024-08-20 16:42:18.376822
15.0,10000.0,0.01,4.0,0.5,total,0.0,2024-08-20 16:42:18.377858
15.0,10000.0,0.022564102564102566,4.0,0.5,x,0.0,2024-08-20 16:42:23.619727
15.0,10000.0,0.022564102564102566,4.0,0.5,z,0.0,2024-08-20 16:42:23.621663
15.0,10000.0,0.022564102564102566,4.0,0.5,corr_z,0.0,2024-08-20 16:42:23.622759
15.0,10000.0,0.022564102564102566,4.0,0.5,total,0.0,2024-08-20 16:42:23.623904
15.0,10000.0,0.03512820512820513,4.0,0.5,x,0.0002,2024-08-20 16:42:28.953175
15.0,10000.0,0.03512820512820513,4.0,0.5,z,0.0,2024-08-20 16:42:28.955133
15.0,10000.0,0.03512820512820513,4.0,0.5,corr_z,0.0,2024-08-20 16:42:28.956327
15.0,10000.0,0.03512820512820513,4.0,0.5,total,0.0002,2024-08-20 16:42:28.957471
15.0,10000.0,0.047692307692307694,4.0,0.5,x,0.0021,2024-08-20 16:42:34.311744
15.0,10000.0,0.047692307692307694,4.0,0.5,z,0.0,2024-08-20 16:42:34.313572
15.0,10000.0,0.047692307692307694,4.0,0.5,corr_z,0.0,2024-08-20 16:42:34.314679
15.0,10000.0,0.047692307692307694,4.0,0.5,total,0.0021,2024-08-20 16:42:34.315753
15.0,10000.0,0.06025641025641026,4.0,0.5,x,0.0112,2024-08-20 16:42:39.737954
15.0,10000.0,0.06025641025641026,4.0,0.5,z,0.0,2024-08-20 16:42:39.739838
15.0,10000.0,0.06025641025641026,4.0,0.5,corr_z,0.0001,2024-08-20 16:42:39.740924
15.0,10000.0,0.06025641025641026,4.0,0.5,total,0.0112,2024-08-20 16:42:39.741971
15.0,10000.0,0.07282051282051281,4.0,0.5,x,0.0276,2024-08-20 16:42:45.354738
15.0,10000.0,0.07282051282051281,4.0,0.5,z,0.0003,2024-08-20 16:42:45.356616
15.0,10000.0,0.07282051282051281,4.0,0.5,corr_z,0.0005,2024-08-20 16:42:45.357783
15.0,10000.0,0.07282051282051281,4.0,0.5,total,0.0279,2024-08-20 16:42:45.358906
15.0,10000.0,0.08538461538461538,4.0,0.5,x,0.0602,2024-08-20 16:42:51.033151
15.0,10000.0,0.08538461538461538,4.0,0.5,z,0.0007,2024-08-20 16:42:51.035015
15.0,10000.0,0.08538461538461538,4.0,0.5,corr_z,0.0011,2024-08-20 16:42:51.036192
15.0,10000.0,0.08538461538461538,4.0,0.5,total,0.0609,2024-08-20 16:42:51.037314
15.0,10000.0,0.09794871794871794,4.0,0.5,x,0.0984,2024-08-20 16:42:56.706169
15.0,10000.0,0.09794871794871794,4.0,0.5,z,0.0014,2024-08-20 16:42:56.708090
15.0,10000.0,0.09794871794871794,4.0,0.5,corr_z,0.0037,2024-08-20 16:42:56.709267
15.0,10000.0,0.09794871794871794,4.0,0.5,total,0.0998,2024-08-20 16:42:56.710311
15.0,10000.0,0.1105128205128205,4.0,0.5,x,0.1534,2024-08-20 16:43:02.447920
15.0,10000.0,0.1105128205128205,4.0,0.5,z,0.0022,2024-08-20 16:43:02.449687
15.0,10000.0,0.1105128205128205,4.0,0.5,corr_z,0.0076,2024-08-20 16:43:02.450842
15.0,10000.0,0.1105128205128205,4.0,0.5,total,0.1556,2024-08-20 16:43:02.451917
15.0,10000.0,0.12307692307692307,4.0,0.5,x,0.1995,2024-08-20 16:43:08.313518
15.0,10000.0,0.12307692307692307,4.0,0.5,z,0.0051,2024-08-20 16:43:08.315295
15.0,10000.0,0.12307692307692307,4.0,0.5,corr_z,0.0119,2024-08-20 16:43:08.316377
15.0,10000.0,0.12307692307692307,4.0,0.5,total,0.2046,2024-08-20 16:43:08.317415
15.0,10000.0,0.13564102564102565,4.0,0.5,x,0.2559,2024-08-20 16:43:14.296480
15.0,10000.0,0.13564102564102565,4.0,0.5,z,0.0115,2024-08-20 16:43:14.298145
15.0,10000.0,0.13564102564102565,4.0,0.5,corr_z,0.0229,2024-08-20 16:43:14.299201
15.0,10000.0,0.13564102564102565,4.0,0.5,total,0.2674,2024-08-20 16:43:14.300333
15.0,10000.0,0.1482051282051282,4.0,0.5,x,0.3105,2024-08-20 16:43:20.150679
15.0,10000.0,0.1482051282051282,4.0,0.5,z,0.0199,2024-08-20 16:43:20.152464
15.0,10000.0,0.1482051282051282,4.0,0.5,corr_z,0.0353,2024-08-20 16:43:20.153587
15.0,10000.0,0.1482051282051282,4.0,0.5,total,0.3304,2024-08-20 16:43:20.154756
15.0,10000.0,0.16076923076923078,4.0,0.5,x,0.3472,2024-08-20 16:43:26.250257
15.0,10000.0,0.16076923076923078,4.0,0.5,z,0.0294,2024-08-20 16:43:26.251975
15.0,10000.0,0.16076923076923078,4.0,0.5,corr_z,0.0561,2024-08-20 16:43:26.253033
15.0,10000.0,0.16076923076923078,4.0,0.5,total,0.3766,2024-08-20 16:43:26.254179
15.0,10000.0,0.17333333333333334,4.0,0.5,x,0.3964,2024-08-20 16:43:32.360586
15.0,10000.0,0.17333333333333334,4.0,0.5,z,0.0477,2024-08-20 16:43:32.362290
15.0,10000.0,0.17333333333333334,4.0,0.5,corr_z,0.0774,2024-08-20 16:43:32.363382
15.0,10000.0,0.17333333333333334,4.0,0.5,total,0.4441,2024-08-20 16:43:32.364420
15.0,10000.0,0.1858974358974359,4.0,0.5,x,0.4092,2024-08-20 16:43:38.455761
15.0,10000.0,0.1858974358974359,4.0,0.5,z,0.067,2024-08-20 16:43:38.457531
15.0,10000.0,0.1858974358974359,4.0,0.5,corr_z,0.1059,2024-08-20 16:43:38.458574
15.0,10000.0,0.1858974358974359,4.0,0.5,total,0.4762,2024-08-20 16:43:38.459605
15.0,10000.0,0.19846153846153847,4.0,0.5,x,0.4415,2024-08-20 16:43:44.694329
15.0,10000.0,0.19846153846153847,4.0,0.5,z,0.0998,2024-08-20 16:43:44.696093
15.0,10000.0,0.19846153846153847,4.0,0.5,corr_z,0.1415,2024-08-20 16:43:44.697313
15.0,10000.0,0.19846153846153847,4.0,0.5,total,0.5413,2024-08-20 16:43:44.698361
15.0,10000.0,0.21102564102564103,4.0,0.5,x,0.453,2024-08-20 16:43:50.982367
15.0,10000.0,0.21102564102564103,4.0,0.5,z,0.1249,2024-08-20 16:43:50.984181
15.0,10000.0,0.21102564102564103,4.0,0.5,corr_z,0.1748,2024-08-20 16:43:50.985274
15.0,10000.0,0.21102564102564103,4.0,0.5,total,0.5779,2024-08-20 16:43:50.986323
15.0,10000.0,0.2235897435897436,4.0,0.5,x,0.4662,2024-08-20 16:43:57.287460
15.0,10000.0,0.2235897435897436,4.0,0.5,z,0.1567,2024-08-20 16:43:57.289177
15.0,10000.0,0.2235897435897436,4.0,0.5,corr_z,0.2085,2024-08-20 16:43:57.290282
15.0,10000.0,0.2235897435897436,4.0,0.5,total,0.6229,2024-08-20 16:43:57.291321
15.0,10000.0,0.23615384615384616,4.0,0.5,x,0.4817,2024-08-20 16:44:03.715003
15.0,10000.0,0.23615384615384616,4.0,0.5,z,0.1984,2024-08-20 16:44:03.716802
15.0,10000.0,0.23615384615384616,4.0,0.5,corr_z,0.2408,2024-08-20 16:44:03.717829
15.0,10000.0,0.23615384615384616,4.0,0.5,total,0.6801,2024-08-20 16:44:03.718803
15.0,10000.0,0.24871794871794872,4.0,0.5,x,0.4872,2024-08-20 16:44:10.219666
15.0,10000.0,0.24871794871794872,4.0,0.5,z,0.2366,2024-08-20 16:44:10.221445
15.0,10000.0,0.24871794871794872,4.0,0.5,corr_z,0.2837,2024-08-20 16:44:10.222508
15.0,10000.0,0.24871794871794872,4.0,0.5,total,0.7238,2024-08-20 16:44:10.223548
15.0,10000.0,0.2612820512820513,4.0,0.5,x,0.4854,2024-08-20 16:44:16.665800
15.0,10000.0,0.2612820512820513,4.0,0.5,z,0.2739,2024-08-20 16:44:16.667579
15.0,10000.0,0.2612820512820513,4.0,0.5,corr_z,0.3276,2024-08-20 16:44:16.668639
15.0,10000.0,0.2612820512820513,4.0,0.5,total,0.7593,2024-08-20 16:44:16.669673
15.0,10000.0,0.27384615384615385,4.0,0.5,x,0.4959,2024-08-20 16:44:23.237710
15.0,10000.0,0.27384615384615385,4.0,0.5,z,0.3095,2024-08-20 16:44:23.239555
15.0,10000.0,0.27384615384615385,4.0,0.5,corr_z,0.3575,2024-08-20 16:44:23.240704
15.0,10000.0,0.27384615384615385,4.0,0.5,total,0.8054,2024-08-20 16:44:23.241754
15.0,10000.0,0.2864102564102564,4.0,0.5,x,0.4937,2024-08-20 16:44:29.887494
15.0,10000.0,0.2864102564102564,4.0,0.5,z,0.349,2024-08-20 16:44:29.889254
15.0,10000.0,0.2864102564102564,4.0,0.5,corr_z,0.3828,2024-08-20 16:44:29.890454
15.0,10000.0,0.2864102564102564,4.0,0.5,total,0.8427,2024-08-20 16:44:29.891538
15.0,10000.0,0.298974358974359,4.0,0.5,x,0.5,2024-08-20 16:44:36.495140
15.0,10000.0,0.298974358974359,4.0,0.5,z,0.377,2024-08-20 16:44:36.497044
15.0,10000.0,0.298974358974359,4.0,0.5,corr_z,0.4085,2024-08-20 16:44:36.498148
15.0,10000.0,0.298974358974359,4.0,0.5,total,0.877,2024-08-20 16:44:36.499142
15.0,10000.0,0.31153846153846154,4.0,0.5,x,0.4973,2024-08-20 16:44:43.181125
15.0,10000.0,0.31153846153846154,4.0,0.5,z,0.4087,2024-08-20 16:44:43.183009
15.0,10000.0,0.31153846153846154,4.0,0.5,corr_z,0.4309,2024-08-20 16:44:43.184138
15.0,10000.0,0.31153846153846154,4.0,0.5,total,0.906,2024-08-20 16:44:43.185270
15.0,10000.0,0.3241025641025641,4.0,0.5,x,0.4997,2024-08-20 16:44:49.973558
15.0,10000.0,0.3241025641025641,4.0,0.5,z,0.44,2024-08-20 16:44:49.975380
15.0,10000.0,0.3241025641025641,4.0,0.5,corr_z,0.4578,2024-08-20 16:44:49.976464
15.0,10000.0,0.3241025641025641,4.0,0.5,total,0.9397,2024-08-20 16:44:49.977501
15.0,10000.0,0.33666666666666667,4.0,0.5,x,0.4927,2024-08-20 16:44:56.714668
15.0,10000.0,0.33666666666666667,4.0,0.5,z,0.4525,2024-08-20 16:44:56.716566
15.0,10000.0,0.33666666666666667,4.0,0.5,corr_z,0.4633,2024-08-20 16:44:56.717682
15.0,10000.0,0.33666666666666667,4.0,0.5,total,0.9452,2024-08-20 16:44:56.718716
15.0,10000.0,0.34923076923076923,4.0,0.5,x,0.5058,2024-08-20 16:45:03.539825
15.0,10000.0,0.34923076923076923,4.0,0.5,z,0.4721,2024-08-20 16:45:03.541746
15.0,10000.0,0.34923076923076923,4.0,0.5,corr_z,0.4761,2024-08-20 16:45:03.542886
15.0,10000.0,0.34923076923076923,4.0,0.5,total,0.9779,2024-08-20 16:45:03.544024
15.0,10000.0,0.3617948717948718,4.0,0.5,x,0.4921,2024-08-20 16:45:10.443437
15.0,10000.0,0.3617948717948718,4.0,0.5,z,0.4725,2024-08-20 16:45:10.445279
15.0,10000.0,0.3617948717948718,4.0,0.5,corr_z,0.4679,2024-08-20 16:45:10.446337
15.0,10000.0,0.3617948717948718,4.0,0.5,total,0.9646,2024-08-20 16:45:10.447386
15.0,10000.0,0.37435897435897436,4.0,0.5,x,0.5023,2024-08-20 16:45:17.233740
15.0,10000.0,0.37435897435897436,4.0,0.5,z,0.48,2024-08-20 16:45:17.235513
15.0,10000.0,0.37435897435897436,4.0,0.5,corr_z,0.49,2024-08-20 16:45:17.236575
15.0,10000.0,0.37435897435897436,4.0,0.5,total,0.9823,2024-08-20 16:45:17.237621
15.0,10000.0,0.3869230769230769,4.0,0.5,x,0.4961,2024-08-20 16:45:24.176482
15.0,10000.0,0.3869230769230769,4.0,0.5,z,0.4902,2024-08-20 16:45:24.178231
15.0,10000.0,0.3869230769230769,4.0,0.5,corr_z,0.4917,2024-08-20 16:45:24.179494
15.0,10000.0,0.3869230769230769,4.0,0.5,total,0.9863,2024-08-20 16:45:24.180536
15.0,10000.0,0.3994871794871795,4.0,0.5,x,0.4937,2024-08-20 16:45:31.198484
15.0,10000.0,0.3994871794871795,4.0,0.5,z,0.4948,2024-08-20 16:45:31.200325
15.0,10000.0,0.3994871794871795,4.0,0.5,corr_z,0.4905,2024-08-20 16:45:31.201470
15.0,10000.0,0.3994871794871795,4.0,0.5,total,0.9885,2024-08-20 16:45:31.202599
15.0,10000.0,0.41205128205128205,4.0,0.5,x,0.5005,2024-08-20 16:45:38.109105
15.0,10000.0,0.41205128205128205,4.0,0.5,z,0.4923,2024-08-20 16:45:38.110808
15.0,10000.0,0.41205128205128205,4.0,0.5,corr_z,0.4983,2024-08-20 16:45:38.111875
15.0,10000.0,0.41205128205128205,4.0,0.5,total,0.9928,2024-08-20 16:45:38.112925
15.0,10000.0,0.4246153846153846,4.0,0.5,x,0.4992,2024-08-20 16:45:45.084619
15.0,10000.0,0.4246153846153846,4.0,0.5,z,0.5016,2024-08-20 16:45:45.086396
15.0,10000.0,0.4246153846153846,4.0,0.5,corr_z,0.5022,2024-08-20 16:45:45.087551
15.0,10000.0,0.4246153846153846,4.0,0.5,total,1.0008,2024-08-20 16:45:45.088642
15.0,10000.0,0.4371794871794872,4.0,0.5,x,0.5005,2024-08-20 16:45:52.096768
15.0,10000.0,0.4371794871794872,4.0,0.5,z,0.4985,2024-08-20 16:45:52.098553
15.0,10000.0,0.4371794871794872,4.0,0.5,corr_z,0.5056,2024-08-20 16:45:52.099677
15.0,10000.0,0.4371794871794872,4.0,0.5,total,0.999,2024-08-20 16:45:52.100830
15.0,10000.0,0.44974358974358974,4.0,0.5,x,0.4994,2024-08-20 16:45:59.073311
15.0,10000.0,0.44974358974358974,4.0,0.5,z,0.4959,2024-08-20 16:45:59.075012
15.0,10000.0,0.44974358974358974,4.0,0.5,corr_z,0.497,2024-08-20 16:45:59.076088
15.0,10000.0,0.44974358974358974,4.0,0.5,total,0.9953,2024-08-20 16:45:59.077139
15.0,10000.0,0.4623076923076923,4.0,0.5,x,0.5083,2024-08-20 16:46:06.102812
15.0,10000.0,0.4623076923076923,4.0,0.5,z,0.499,2024-08-20 16:46:06.104641
15.0,10000.0,0.4623076923076923,4.0,0.5,corr_z,0.5046,2024-08-20 16:46:06.105721
15.0,10000.0,0.4623076923076923,4.0,0.5,total,1.0073,2024-08-20 16:46:06.106767
15.0,10000.0,0.4748717948717949,4.0,0.5,x,0.5073,2024-08-20 16:46:13.147069
15.0,10000.0,0.4748717948717949,4.0,0.5,z,0.4992,2024-08-20 16:46:13.148953
15.0,10000.0,0.4748717948717949,4.0,0.5,corr_z,0.5019,2024-08-20 16:46:13.150107
15.0,10000.0,0.4748717948717949,4.0,0.5,total,1.0065,2024-08-20 16:46:13.151227
15.0,10000.0,0.48743589743589744,4.0,0.5,x,0.4988,2024-08-20 16:46:20.134022
15.0,10000.0,0.48743589743589744,4.0,0.5,z,0.4906,2024-08-20 16:46:20.135900
15.0,10000.0,0.48743589743589744,4.0,0.5,corr_z,0.503,2024-08-20 16:46:20.137046
15.0,10000.0,0.48743589743589744,4.0,0.5,total,0.9894,2024-08-20 16:46:20.138178
15.0,10000.0,0.5,4.0,0.5,x,0.5085,2024-08-20 16:46:27.222057
15.0,10000.0,0.5,4.0,0.5,z,0.4943,2024-08-20 16:46:27.223771
15.0,10000.0,0.5,4.0,0.5,corr_z,0.4967,2024-08-20 16:46:27.224868
15.0,10000.0,0.5,4.0,0.5,total,1.0028,2024-08-20 16:46:27.225905
17.0,10000.0,0.01,4.0,0.5,x,0.0,2024-08-20 16:46:33.467613
17.0,10000.0,0.01,4.0,0.5,z,0.0,2024-08-20 16:46:33.469449
17.0,10000.0,0.01,4.0,0.5,corr_z,0.0,2024-08-20 16:46:33.470515
17.0,10000.0,0.01,4.0,0.5,total,0.0,2024-08-20 16:46:33.471652
17.0,10000.0,0.022564102564102566,4.0,0.5,x,0.0,2024-08-20 16:46:39.539740
17.0,10000.0,0.022564102564102566,4.0,0.5,z,0.0,2024-08-20 16:46:39.541472
17.0,10000.0,0.022564102564102566,4.0,0.5,corr_z,0.0,2024-08-20 16:46:39.542534
17.0,10000.0,0.022564102564102566,4.0,0.5,total,0.0,2024-08-20 16:46:39.543651
17.0,10000.0,0.03512820512820513,4.0,0.5,x,0.0,2024-08-20 16:46:45.870816
17.0,10000.0,0.03512820512820513,4.0,0.5,z,0.0,2024-08-20 16:46:45.872564
17.0,10000.0,0.03512820512820513,4.0,0.5,corr_z,0.0,2024-08-20 16:46:45.873625
17.0,10000.0,0.03512820512820513,4.0,0.5,total,0.0,2024-08-20 16:46:45.874670
17.0,10000.0,0.047692307692307694,4.0,0.5,x,0.0026,2024-08-20 16:46:52.308801
17.0,10000.0,0.047692307692307694,4.0,0.5,z,0.0,2024-08-20 16:46:52.310639
17.0,10000.0,0.047692307692307694,4.0,0.5,corr_z,0.0,2024-08-20 16:46:52.311807
17.0,10000.0,0.047692307692307694,4.0,0.5,total,0.0026,2024-08-20 16:46:52.312923
17.0,10000.0,0.06025641025641026,4.0,0.5,x,0.0104,2024-08-20 16:46:58.681796
17.0,10000.0,0.06025641025641026,4.0,0.5,z,0.0,2024-08-20 16:46:58.683606
17.0,10000.0,0.06025641025641026,4.0,0.5,corr_z,0.0001,2024-08-20 16:46:58.684805
17.0,10000.0,0.06025641025641026,4.0,0.5,total,0.0104,2024-08-20 16:46:58.685894
17.0,10000.0,0.07282051282051281,4.0,0.5,x,0.0265,2024-08-20 16:47:05.323501
17.0,10000.0,0.07282051282051281,4.0,0.5,z,0.0,2024-08-20 16:47:05.325318
17.0,10000.0,0.07282051282051281,4.0,0.5,corr_z,0.0,2024-08-20 16:47:05.326372
17.0,10000.0,0.07282051282051281,4.0,0.5,total,0.0265,2024-08-20 16:47:05.327417
17.0,10000.0,0.08538461538461538,4.0,0.5,x,0.055,2024-08-20 16:47:11.963873
17.0,10000.0,0.08538461538461538,4.0,0.5,z,0.0001,2024-08-20 16:47:11.965627
17.0,10000.0,0.08538461538461538,4.0,0.5,corr_z,0.0007,2024-08-20 16:47:11.966698
17.0,10000.0,0.08538461538461538,4.0,0.5,total,0.0551,2024-08-20 16:47:11.967730
17.0,10000.0,0.09794871794871794,4.0,0.5,x,0.1078,2024-08-20 16:47:18.677298
17.0,10000.0,0.09794871794871794,4.0,0.5,z,0.0006,2024-08-20 16:47:18.679051
17.0,10000.0,0.09794871794871794,4.0,0.5,corr_z,0.0026,2024-08-20 16:47:18.680116
17.0,10000.0,0.09794871794871794,4.0,0.5,total,0.1084,2024-08-20 16:47:18.681285
17.0,10000.0,0.1105128205128205,4.0,0.5,x,0.1671,2024-08-20 16:47:25.551568
17.0,10000.0,0.1105128205128205,4.0,0.5,z,0.0023,2024-08-20 16:47:25.553337
17.0,10000.0,0.1105128205128205,4.0,0.5,corr_z,0.0055,2024-08-20 16:47:25.554398
17.0,10000.0,0.1105128205128205,4.0,0.5,total,0.1694,2024-08-20 16:47:25.555429
17.0,10000.0,0.12307692307692307,4.0,0.5,x,0.2169,2024-08-20 16:47:32.457339
17.0,10000.0,0.12307692307692307,4.0,0.5,z,0.0054,2024-08-20 16:47:32.459108
17.0,10000.0,0.12307692307692307,4.0,0.5,corr_z,0.0104,2024-08-20 16:47:32.460180
17.0,10000.0,0.12307692307692307,4.0,0.5,total,0.2223,2024-08-20 16:47:32.461210
17.0,10000.0,0.13564102564102565,4.0,0.5,x,0.2767,2024-08-20 16:47:39.322468
17.0,10000.0,0.13564102564102565,4.0,0.5,z,0.0084,2024-08-20 16:47:39.324203
17.0,10000.0,0.13564102564102565,4.0,0.5,corr_z,0.0161,2024-08-20 16:47:39.325277
17.0,10000.0,0.13564102564102565,4.0,0.5,total,0.2851,2024-08-20 16:47:39.326347
17.0,10000.0,0.1482051282051282,4.0,0.5,x,0.329,2024-08-20 16:47:46.449363
17.0,10000.0,0.1482051282051282,4.0,0.5,z,0.0151,2024-08-20 16:47:46.451376
17.0,10000.0,0.1482051282051282,4.0,0.5,corr_z,0.0327,2024-08-20 16:47:46.452548
17.0,10000.0,0.1482051282051282,4.0,0.5,total,0.3441,2024-08-20 16:47:46.453689
17.0,10000.0,0.16076923076923078,4.0,0.5,x,0.3731,2024-08-20 16:47:53.642789
17.0,10000.0,0.16076923076923078,4.0,0.5,z,0.0258,2024-08-20 16:47:53.644645
17.0,10000.0,0.16076923076923078,4.0,0.5,corr_z,0.0455,2024-08-20 16:47:53.645727
17.0,10000.0,0.16076923076923078,4.0,0.5,total,0.3989,2024-08-20 16:47:53.646863
17.0,10000.0,0.17333333333333334,4.0,0.5,x,0.4034,2024-08-20 16:48:00.748538
17.0,10000.0,0.17333333333333334,4.0,0.5,z,0.0385,2024-08-20 16:48:00.750286
17.0,10000.0,0.17333333333333334,4.0,0.5,corr_z,0.0685,2024-08-20 16:48:00.751404
17.0,10000.0,0.17333333333333334,4.0,0.5,total,0.4419,2024-08-20 16:48:00.752442
17.0,10000.0,0.1858974358974359,4.0,0.5,x,0.4351,2024-08-20 16:48:08.031386
17.0,10000.0,0.1858974358974359,4.0,0.5,z,0.0621,2024-08-20 16:48:08.033262
17.0,10000.0,0.1858974358974359,4.0,0.5,corr_z,0.0994,2024-08-20 16:48:08.034439
17.0,10000.0,0.1858974358974359,4.0,0.5,total,0.4972,2024-08-20 16:48:08.035490
17.0,10000.0,0.19846153846153847,4.0,0.5,x,0.4461,2024-08-20 16:48:15.475312
17.0,10000.0,0.19846153846153847,4.0,0.5,z,0.0877,2024-08-20 16:48:15.477090
17.0,10000.0,0.19846153846153847,4.0,0.5,corr_z,0.1316,2024-08-20 16:48:15.478146
17.0,10000.0,0.19846153846153847,4.0,0.5,total,0.5338,2024-08-20 16:48:15.479185
17.0,10000.0,0.21102564102564103,4.0,0.5,x,0.4667,2024-08-20 16:48:22.979962
17.0,10000.0,0.21102564102564103,4.0,0.5,z,0.1231,2024-08-20 16:48:22.981735
17.0,10000.0,0.21102564102564103,4.0,0.5,corr_z,0.1712,2024-08-20 16:48:22.982801
17.0,10000.0,0.21102564102564103,4.0,0.5,total,0.5898,2024-08-20 16:48:22.983906
17.0,10000.0,0.2235897435897436,4.0,0.5,x,0.4724,2024-08-20 16:48:30.636180
17.0,10000.0,0.2235897435897436,4.0,0.5,z,0.1532,2024-08-20 16:48:30.638040
17.0,10000.0,0.2235897435897436,4.0,0.5,corr_z,0.2111,2024-08-20 16:48:30.639105
17.0,10000.0,0.2235897435897436,4.0,0.5,total,0.6256,2024-08-20 16:48:30.640184
17.0,10000.0,0.23615384615384616,4.0,0.5,x,0.4795,2024-08-20 16:48:38.282715
17.0,10000.0,0.23615384615384616,4.0,0.5,z,0.187,2024-08-20 16:48:38.284507
17.0,10000.0,0.23615384615384616,4.0,0.5,corr_z,0.2488,2024-08-20 16:48:38.285585
17.0,10000.0,0.23615384615384616,4.0,0.5,total,0.6665,2024-08-20 16:48:38.286617
17.0,10000.0,0.24871794871794872,4.0,0.5,x,0.4869,2024-08-20 16:48:46.047041
17.0,10000.0,0.24871794871794872,4.0,0.5,z,0.2388,2024-08-20 16:48:46.048990
17.0,10000.0,0.24871794871794872,4.0,0.5,corr_z,0.2894,2024-08-20 16:48:46.050154
17.0,10000.0,0.24871794871794872,4.0,0.5,total,0.7257,2024-08-20 16:48:46.051315
17.0,10000.0,0.2612820512820513,4.0,0.5,x,0.4894,2024-08-20 16:48:53.879974
17.0,10000.0,0.2612820512820513,4.0,0.5,z,0.2711,2024-08-20 16:48:53.881737
17.0,10000.0,0.2612820512820513,4.0,0.5,corr_z,0.3195,2024-08-20 16:48:53.882804
17.0,10000.0,0.2612820512820513,4.0,0.5,total,0.7605,2024-08-20 16:48:53.883860
17.0,10000.0,0.27384615384615385,4.0,0.5,x,0.4907,2024-08-20 16:49:01.682666
17.0,10000.0,0.27384615384615385,4.0,0.5,z,0.3129,2024-08-20 16:49:01.684410
17.0,10000.0,0.27384615384615385,4.0,0.5,corr_z,0.3657,2024-08-20 16:49:01.685488
17.0,10000.0,0.27384615384615385,4.0,0.5,total,0.8036,2024-08-20 16:49:01.686523
17.0,10000.0,0.2864102564102564,4.0,0.5,x,0.4987,2024-08-20 16:49:09.677574
17.0,10000.0,0.2864102564102564,4.0,0.5,z,0.3528,2024-08-20 16:49:09.679346
17.0,10000.0,0.2864102564102564,4.0,0.5,corr_z,0.4008,2024-08-20 16:49:09.680483
17.0,10000.0,0.2864102564102564,4.0,0.5,total,0.8515,2024-08-20 16:49:09.681539
17.0,10000.0,0.298974358974359,4.0,0.5,x,0.5042,2024-08-20 16:49:17.613699
17.0,10000.0,0.298974358974359,4.0,0.5,z,0.3967,2024-08-20 16:49:17.615440
17.0,10000.0,0.298974358974359,4.0,0.5,corr_z,0.4232,2024-08-20 16:49:17.616552
17.0,10000.0,0.298974358974359,4.0,0.5,total,0.9009,2024-08-20 16:49:17.617602
17.0,10000.0,0.31153846153846154,4.0,0.5,x,0.505,2024-08-20 16:49:25.646135
17.0,10000.0,0.31153846153846154,4.0,0.5,z,0.418,2024-08-20 16:49:25.647996
17.0,10000.0,0.31153846153846154,4.0,0.5,corr_z,0.4445,2024-08-20 16:49:25.649081
17.0,10000.0,0.31153846153846154,4.0,0.5,total,0.923,2024-08-20 16:49:25.650201
17.0,10000.0,0.3241025641025641,4.0,0.5,x,0.5024,2024-08-20 16:49:33.755024
17.0,10000.0,0.3241025641025641,4.0,0.5,z,0.4402,2024-08-20 16:49:33.756831
17.0,10000.0,0.3241025641025641,4.0,0.5,corr_z,0.4534,2024-08-20 16:49:33.757930
17.0,10000.0,0.3241025641025641,4.0,0.5,total,0.9426,2024-08-20 16:49:33.758984
17.0,10000.0,0.33666666666666667,4.0,0.5,x,0.4961,2024-08-20 16:49:41.809839
17.0,10000.0,0.33666666666666667,4.0,0.5,z,0.4565,2024-08-20 16:49:41.811594
17.0,10000.0,0.33666666666666667,4.0,0.5,corr_z,0.4666,2024-08-20 16:49:41.812688
17.0,10000.0,0.33666666666666667,4.0,0.5,total,0.9526,2024-08-20 16:49:41.813719
17.0,10000.0,0.34923076923076923,4.0,0.5,x,0.5069,2024-08-20 16:49:50.077682
17.0,10000.0,0.34923076923076923,4.0,0.5,z,0.4691,2024-08-20 16:49:50.079542
17.0,10000.0,0.34923076923076923,4.0,0.5,corr_z,0.4888,2024-08-20 16:49:50.080652
17.0,10000.0,0.34923076923076923,4.0,0.5,total,0.976,2024-08-20 16:49:50.081690
17.0,10000.0,0.3617948717948718,4.0,0.5,x,0.4949,2024-08-20 16:49:58.308663
17.0,10000.0,0.3617948717948718,4.0,0.5,z,0.4811,2024-08-20 16:49:58.310421
17.0,10000.0,0.3617948717948718,4.0,0.5,corr_z,0.4767,2024-08-20 16:49:58.311482
17.0,10000.0,0.3617948717948718,4.0,0.5,total,0.976,2024-08-20 16:49:58.312514
17.0,10000.0,0.37435897435897436,4.0,0.5,x,0.5023,2024-08-20 16:50:06.699385
17.0,10000.0,0.37435897435897436,4.0,0.5,z,0.4879,2024-08-20 16:50:06.701097
17.0,10000.0,0.37435897435897436,4.0,0.5,corr_z,0.4956,2024-08-20 16:50:06.702177
17.0,10000.0,0.37435897435897436,4.0,0.5,total,0.9902,2024-08-20 16:50:06.703230
17.0,10000.0,0.3869230769230769,4.0,0.5,x,0.491,2024-08-20 16:50:15.028712
17.0,10000.0,0.3869230769230769,4.0,0.5,z,0.4967,2024-08-20 16:50:15.030473
17.0,10000.0,0.3869230769230769,4.0,0.5,corr_z,0.4966,2024-08-20 16:50:15.031533
17.0,10000.0,0.3869230769230769,4.0,0.5,total,0.9877,2024-08-20 16:50:15.032577
17.0,10000.0,0.3994871794871795,4.0,0.5,x,0.5044,2024-08-20 16:50:23.314878
17.0,10000.0,0.3994871794871795,4.0,0.5,z,0.4956,2024-08-20 16:50:23.316693
17.0,10000.0,0.3994871794871795,4.0,0.5,corr_z,0.4971,2024-08-20 16:50:23.317797
17.0,10000.0,0.3994871794871795,4.0,0.5,total,1.0,2024-08-20 16:50:23.318829
17.0,10000.0,0.41205128205128205,4.0,0.5,x,0.5019,2024-08-20 16:50:31.864109
17.0,10000.0,0.41205128205128205,4.0,0.5,z,0.4943,2024-08-20 16:50:31.865977
17.0,10000.0,0.41205128205128205,4.0,0.5,corr_z,0.5022,2024-08-20 16:50:31.867142
17.0,10000.0,0.41205128205128205,4.0,0.5,total,0.9962,2024-08-20 16:50:31.868174
17.0,10000.0,0.4246153846153846,4.0,0.5,x,0.5033,2024-08-20 16:50:40.192818
17.0,10000.0,0.4246153846153846,4.0,0.5,z,0.4864,2024-08-20 16:50:40.194687
17.0,10000.0,0.4246153846153846,4.0,0.5,corr_z,0.5007,2024-08-20 16:50:40.195828
17.0,10000.0,0.4246153846153846,4.0,0.5,total,0.9897,2024-08-20 16:50:40.197018
17.0,10000.0,0.4371794871794872,4.0,0.5,x,0.4996,2024-08-20 16:50:48.785396
17.0,10000.0,0.4371794871794872,4.0,0.5,z,0.5052,2024-08-20 16:50:48.787160
17.0,10000.0,0.4371794871794872,4.0,0.5,corr_z,0.4896,2024-08-20 16:50:48.788231
17.0,10000.0,0.4371794871794872,4.0,0.5,total,1.0048,2024-08-20 16:50:48.789278
17.0,10000.0,0.44974358974358974,4.0,0.5,x,0.505,2024-08-20 16:50:57.297220
17.0,10000.0,0.44974358974358974,4.0,0.5,z,0.4995,2024-08-20 16:50:57.299158
17.0,10000.0,0.44974358974358974,4.0,0.5,corr_z,0.4973,2024-08-20 16:50:57.300382
17.0,10000.0,0.44974358974358974,4.0,0.5,total,1.0045,2024-08-20 16:50:57.301496
17.0,10000.0,0.4623076923076923,4.0,0.5,x,0.4989,2024-08-20 16:51:05.920203
17.0,10000.0,0.4623076923076923,4.0,0.5,z,0.4973,2024-08-20 16:51:05.922141
17.0,10000.0,0.4623076923076923,4.0,0.5,corr_z,0.493,2024-08-20 16:51:05.923600
17.0,10000.0,0.4623076923076923,4.0,0.5,total,0.9962,2024-08-20 16:51:05.924753
17.0,10000.0,0.4748717948717949,4.0,0.5,x,0.4919,2024-08-20 16:51:14.598607
17.0,10000.0,0.4748717948717949,4.0,0.5,z,0.5048,2024-08-20 16:51:14.600454
17.0,10000.0,0.4748717948717949,4.0,0.5,corr_z,0.5052,2024-08-20 16:51:14.601471
17.0,10000.0,0.4748717948717949,4.0,0.5,total,0.9967,2024-08-20 16:51:14.602492
17.0,10000.0,0.48743589743589744,4.0,0.5,x,0.5033,2024-08-20 16:51:23.200480
17.0,10000.0,0.48743589743589744,4.0,0.5,z,0.5086,2024-08-20 16:51:23.202190
17.0,10000.0,0.48743589743589744,4.0,0.5,corr_z,0.5032,2024-08-20 16:51:23.203279
17.0,10000.0,0.48743589743589744,4.0,0.5,total,1.0119,2024-08-20 16:51:23.204312
17.0,10000.0,0.5,4.0,0.5,x,0.5003,2024-08-20 16:51:31.978094
17.0,10000.0,0.5,4.0,0.5,z,0.4973,2024-08-20 16:51:31.979864
17.0,10000.0,0.5,4.0,0.5,corr_z,0.4991,2024-08-20 16:51:31.980913
17.0,10000.0,0.5,4.0,0.5,total,0.9976,2024-08-20 16:51:31.981970
19.0,10000.0,0.01,4.0,0.5,x,0.0,2024-08-20 16:51:39.006032
19.0,10000.0,0.01,4.0,0.5,z,0.0,2024-08-20 16:51:39.007789
19.0,10000.0,0.01,4.0,0.5,corr_z,0.0,2024-08-20 16:51:39.008789
19.0,10000.0,0.01,4.0,0.5,total,0.0,2024-08-20 16:51:39.009791
19.0,10000.0,0.022564102564102566,4.0,0.5,x,0.0,2024-08-20 16:51:46.285570
19.0,10000.0,0.022564102564102566,4.0,0.5,z,0.0,2024-08-20 16:51:46.287318
19.0,10000.0,0.022564102564102566,4.0,0.5,corr_z,0.0,2024-08-20 16:51:46.288371
19.0,10000.0,0.022564102564102566,4.0,0.5,total,0.0,2024-08-20 16:51:46.289408
19.0,10000.0,0.03512820512820513,4.0,0.5,x,0.0002,2024-08-20 16:51:53.704857
19.0,10000.0,0.03512820512820513,4.0,0.5,z,0.0,2024-08-20 16:51:53.706605
19.0,10000.0,0.03512820512820513,4.0,0.5,corr_z,0.0,2024-08-20 16:51:53.707663
19.0,10000.0,0.03512820512820513,4.0,0.5,total,0.0002,2024-08-20 16:51:53.708704
19.0,10000.0,0.047692307692307694,4.0,0.5,x,0.0011,2024-08-20 16:52:01.039566
19.0,10000.0,0.047692307692307694,4.0,0.5,z,0.0,2024-08-20 16:52:01.041338
19.0,10000.0,0.047692307692307694,4.0,0.5,corr_z,0.0,2024-08-20 16:52:01.042521
19.0,10000.0,0.047692307692307694,4.0,0.5,total,0.0011,2024-08-20 16:52:01.043604
19.0,10000.0,0.06025641025641026,4.0,0.5,x,0.0094,2024-08-20 16:52:08.684356
19.0,10000.0,0.06025641025641026,4.0,0.5,z,0.0,2024-08-20 16:52:08.686182
19.0,10000.0,0.06025641025641026,4.0,0.5,corr_z,0.0001,2024-08-20 16:52:08.687260
19.0,10000.0,0.06025641025641026,4.0,0.5,total,0.0094,2024-08-20 16:52:08.688399
19.0,10000.0,0.07282051282051281,4.0,0.5,x,0.0246,2024-08-20 16:52:16.436970
19.0,10000.0,0.07282051282051281,4.0,0.5,z,0.0,2024-08-20 16:52:16.438692
19.0,10000.0,0.07282051282051281,4.0,0.5,corr_z,0.0002,2024-08-20 16:52:16.439752
19.0,10000.0,0.07282051282051281,4.0,0.5,total,0.0246,2024-08-20 16:52:16.440794
19.0,10000.0,0.08538461538461538,4.0,0.5,x,0.0566,2024-08-20 16:52:24.216992
19.0,10000.0,0.08538461538461538,4.0,0.5,z,0.0002,2024-08-20 16:52:24.218730
19.0,10000.0,0.08538461538461538,4.0,0.5,corr_z,0.0006,2024-08-20 16:52:24.219779
19.0,10000.0,0.08538461538461538,4.0,0.5,total,0.0568,2024-08-20 16:52:24.220808
19.0,10000.0,0.09794871794871794,4.0,0.5,x,0.1085,2024-08-20 16:52:32.264837
19.0,10000.0,0.09794871794871794,4.0,0.5,z,0.0004,2024-08-20 16:52:32.266653
19.0,10000.0,0.09794871794871794,4.0,0.5,corr_z,0.0007,2024-08-20 16:52:32.267747
19.0,10000.0,0.09794871794871794,4.0,0.5,total,0.1089,2024-08-20 16:52:32.268878
19.0,10000.0,0.1105128205128205,4.0,0.5,x,0.1701,2024-08-20 16:52:40.180234
19.0,10000.0,0.1105128205128205,4.0,0.5,z,0.0005,2024-08-20 16:52:40.181967
19.0,10000.0,0.1105128205128205,4.0,0.5,corr_z,0.0034,2024-08-20 16:52:40.183042
19.0,10000.0,0.1105128205128205,4.0,0.5,total,0.1706,2024-08-20 16:52:40.184186
19.0,10000.0,0.12307692307692307,4.0,0.5,x,0.2343,2024-08-20 16:52:48.509633
19.0,10000.0,0.12307692307692307,4.0,0.5,z,0.0023,2024-08-20 16:52:48.511430
19.0,10000.0,0.12307692307692307,4.0,0.5,corr_z,0.0064,2024-08-20 16:52:48.512577
19.0,10000.0,0.12307692307692307,4.0,0.5,total,0.2366,2024-08-20 16:52:48.513699
19.0,10000.0,0.13564102564102565,4.0,0.5,x,0.2865,2024-08-20 16:52:56.783138
19.0,10000.0,0.13564102564102565,4.0,0.5,z,0.0057,2024-08-20 16:52:56.784875
19.0,10000.0,0.13564102564102565,4.0,0.5,corr_z,0.0141,2024-08-20 16:52:56.785982
19.0,10000.0,0.13564102564102565,4.0,0.5,total,0.2922,2024-08-20 16:52:56.787202
19.0,10000.0,0.1482051282051282,4.0,0.5,x,0.3485,2024-08-20 16:53:05.208748
19.0,10000.0,0.1482051282051282,4.0,0.5,z,0.0123,2024-08-20 16:53:05.210490
19.0,10000.0,0.1482051282051282,4.0,0.5,corr_z,0.0272,2024-08-20 16:53:05.211561
19.0,10000.0,0.1482051282051282,4.0,0.5,total,0.3608,2024-08-20 16:53:05.212592
19.0,10000.0,0.16076923076923078,4.0,0.5,x,0.3859,2024-08-20 16:53:13.849160
19.0,10000.0,0.16076923076923078,4.0,0.5,z,0.0212,2024-08-20 16:53:13.850834
19.0,10000.0,0.16076923076923078,4.0,0.5,corr_z,0.0377,2024-08-20 16:53:13.851896
19.0,10000.0,0.16076923076923078,4.0,0.5,total,0.4071,2024-08-20 16:53:13.852949
19.0,10000.0,0.17333333333333334,4.0,0.5,x,0.4264,2024-08-20 16:53:22.378329
19.0,10000.0,0.17333333333333334,4.0,0.5,z,0.0305,2024-08-20 16:53:22.380172
19.0,10000.0,0.17333333333333334,4.0,0.5,corr_z,0.0624,2024-08-20 16:53:22.381272
19.0,10000.0,0.17333333333333334,4.0,0.5,total,0.4569,2024-08-20 16:53:22.382325
19.0,10000.0,0.1858974358974359,4.0,0.5,x,0.4405,2024-08-20 16:53:31.186422
19.0,10000.0,0.1858974358974359,4.0,0.5,z,0.0565,2024-08-20 16:53:31.188147
19.0,10000.0,0.1858974358974359,4.0,0.5,corr_z,0.0967,2024-08-20 16:53:31.189224
19.0,10000.0,0.1858974358974359,4.0,0.5,total,0.497,2024-08-20 16:53:31.190280
19.0,10000.0,0.19846153846153847,4.0,0.5,x,0.46,2024-08-20 16:53:39.907019
19.0,10000.0,0.19846153846153847,4.0,0.5,z,0.0753,2024-08-20 16:53:39.908809
19.0,10000.0,0.19846153846153847,4.0,0.5,corr_z,0.124,2024-08-20 16:53:39.909940
19.0,10000.0,0.19846153846153847,4.0,0.5,total,0.5353,2024-08-20 16:53:39.910976
19.0,10000.0,0.21102564102564103,4.0,0.5,x,0.4715,2024-08-20 16:53:48.916221
19.0,10000.0,0.21102564102564103,4.0,0.5,z,0.1153,2024-08-20 16:53:48.918003
19.0,10000.0,0.21102564102564103,4.0,0.5,corr_z,0.1658,2024-08-20 16:53:48.919067
19.0,10000.0,0.21102564102564103,4.0,0.5,total,0.5868,2024-08-20 16:53:48.920114
19.0,10000.0,0.2235897435897436,4.0,0.5,x,0.488,2024-08-20 16:53:57.965738
19.0,10000.0,0.2235897435897436,4.0,0.5,z,0.1406,2024-08-20 16:53:57.967512
19.0,10000.0,0.2235897435897436,4.0,0.5,corr_z,0.2019,2024-08-20 16:53:57.968592
19.0,10000.0,0.2235897435897436,4.0,0.5,total,0.6286,2024-08-20 16:53:57.969656
19.0,10000.0,0.23615384615384616,4.0,0.5,x,0.4993,2024-08-20 16:54:07.195369
19.0,10000.0,0.23615384615384616,4.0,0.5,z,0.1867,2024-08-20 16:54:07.197269
19.0,10000.0,0.23615384615384616,4.0,0.5,corr_z,0.2487,2024-08-20 16:54:07.198398
19.0,10000.0,0.23615384615384616,4.0,0.5,total,0.686,2024-08-20 16:54:07.199533
19.0,10000.0,0.24871794871794872,4.0,0.5,x,0.4957,2024-08-20 16:54:16.458451
19.0,10000.0,0.24871794871794872,4.0,0.5,z,0.2343,2024-08-20 16:54:16.460209
19.0,10000.0,0.24871794871794872,4.0,0.5,corr_z,0.2964,2024-08-20 16:54:16.461304
19.0,10000.0,0.24871794871794872,4.0,0.5,total,0.73,2024-08-20 16:54:16.462299
19.0,10000.0,0.2612820512820513,4.0,0.5,x,0.4918,2024-08-20 16:54:25.823774
19.0,10000.0,0.2612820512820513,4.0,0.5,z,0.2861,2024-08-20 16:54:25.825616
19.0,10000.0,0.2612820512820513,4.0,0.5,corr_z,0.3331,2024-08-20 16:54:25.826761
19.0,10000.0,0.2612820512820513,4.0,0.5,total,0.7779,2024-08-20 16:54:25.827897
19.0,10000.0,0.27384615384615385,4.0,0.5,x,0.5019,2024-08-20 16:54:35.357434
19.0,10000.0,0.27384615384615385,4.0,0.5,z,0.3354,2024-08-20 16:54:35.359287
19.0,10000.0,0.27384615384615385,4.0,0.5,corr_z,0.3727,2024-08-20 16:54:35.360362
19.0,10000.0,0.27384615384615385,4.0,0.5,total,0.8373,2024-08-20 16:54:35.361404
19.0,10000.0,0.2864102564102564,4.0,0.5,x,0.4985,2024-08-20 16:54:44.866001
19.0,10000.0,0.2864102564102564,4.0,0.5,z,0.3703,2024-08-20 16:54:44.867679
19.0,10000.0,0.2864102564102564,4.0,0.5,corr_z,0.4092,2024-08-20 16:54:44.868781
19.0,10000.0,0.2864102564102564,4.0,0.5,total,0.8688,2024-08-20 16:54:44.869902
19.0,10000.0,0.298974358974359,4.0,0.5,x,0.492,2024-08-20 16:54:54.465086
19.0,10000.0,0.298974358974359,4.0,0.5,z,0.3948,2024-08-20 16:54:54.466866
19.0,10000.0,0.298974358974359,4.0,0.5,corr_z,0.4344,2024-08-20 16:54:54.467922
19.0,10000.0,0.298974358974359,4.0,0.5,total,0.8868,2024-08-20 16:54:54.468965
19.0,10000.0,0.31153846153846154,4.0,0.5,x,0.5036,2024-08-20 16:55:04.206584
19.0,10000.0,0.31153846153846154,4.0,0.5,z,0.4284,2024-08-20 16:55:04.208476
19.0,10000.0,0.31153846153846154,4.0,0.5,corr_z,0.4518,2024-08-20 16:55:04.209550
19.0,10000.0,0.31153846153846154,4.0,0.5,total,0.932,2024-08-20 16:55:04.210605
19.0,10000.0,0.3241025641025641,4.0,0.5,x,0.4967,2024-08-20 16:55:14.128432
19.0,10000.0,0.3241025641025641,4.0,0.5,z,0.453,2024-08-20 16:55:14.130295
19.0,10000.0,0.3241025641025641,4.0,0.5,corr_z,0.4664,2024-08-20 16:55:14.131406
19.0,10000.0,0.3241025641025641,4.0,0.5,total,0.9497,2024-08-20 16:55:14.132449
19.0,10000.0,0.33666666666666667,4.0,0.5,x,0.5065,2024-08-20 16:55:24.009190
19.0,10000.0,0.33666666666666667,4.0,0.5,z,0.461,2024-08-20 16:55:24.010930
19.0,10000.0,0.33666666666666667,4.0,0.5,corr_z,0.4805,2024-08-20 16:55:24.012002
19.0,10000.0,0.33666666666666667,4.0,0.5,total,0.9675,2024-08-20 16:55:24.013061
19.0,10000.0,0.34923076923076923,4.0,0.5,x,0.4976,2024-08-20 16:55:34.027320
19.0,10000.0,0.34923076923076923,4.0,0.5,z,0.4815,2024-08-20 16:55:34.029128
19.0,10000.0,0.34923076923076923,4.0,0.5,corr_z,0.4882,2024-08-20 16:55:34.030204
19.0,10000.0,0.34923076923076923,4.0,0.5,total,0.9791,2024-08-20 16:55:34.031267
19.0,10000.0,0.3617948717948718,4.0,0.5,x,0.5057,2024-08-20 16:55:43.892102
19.0,10000.0,0.3617948717948718,4.0,0.5,z,0.4845,2024-08-20 16:55:43.893896
19.0,10000.0,0.3617948717948718,4.0,0.5,corr_z,0.4906,2024-08-20 16:55:43.894960
19.0,10000.0,0.3617948717948718,4.0,0.5,total,0.9902,2024-08-20 16:55:43.896091
19.0,10000.0,0.37435897435897436,4.0,0.5,x,0.4997,2024-08-20 16:55:53.966108
19.0,10000.0,0.37435897435897436,4.0,0.5,z,0.4894,2024-08-20 16:55:53.967879
19.0,10000.0,0.37435897435897436,4.0,0.5,corr_z,0.4955,2024-08-20 16:55:53.968943
19.0,10000.0,0.37435897435897436,4.0,0.5,total,0.9891,2024-08-20 16:55:53.969963
19.0,10000.0,0.3869230769230769,4.0,0.5,x,0.4981,2024-08-20 16:56:04.045485
19.0,10000.0,0.3869230769230769,4.0,0.5,z,0.4993,2024-08-20 16:56:04.047342
19.0,10000.0,0.3869230769230769,4.0,0.5,corr_z,0.5004,2024-08-20 16:56:04.048442
19.0,10000.0,0.3869230769230769,4.0,0.5,total,0.9974,2024-08-20 16:56:04.049491
19.0,10000.0,0.3994871794871795,4.0,0.5,x,0.5101,2024-08-20 16:56:14.208996
19.0,10000.0,0.3994871794871795,4.0,0.5,z,0.4992,2024-08-20 16:56:14.210902
19.0,10000.0,0.3994871794871795,4.0,0.5,corr_z,0.493,2024-08-20 16:56:14.212043
19.0,10000.0,0.3994871794871795,4.0,0.5,total,1.0093,2024-08-20 16:56:14.213104
19.0,10000.0,0.41205128205128205,4.0,0.5,x,0.4994,2024-08-20 16:56:24.285931
19.0,10000.0,0.41205128205128205,4.0,0.5,z,0.5016,2024-08-20 16:56:24.287705
19.0,10000.0,0.41205128205128205,4.0,0.5,corr_z,0.4997,2024-08-20 16:56:24.288838
19.0,10000.0,0.41205128205128205,4.0,0.5,total,1.001,2024-08-20 16:56:24.289911
19.0,10000.0,0.4246153846153846,4.0,0.5,x,0.5036,2024-08-20 16:56:34.587498
19.0,10000.0,0.4246153846153846,4.0,0.5,z,0.4924,2024-08-20 16:56:34.589321
19.0,10000.0,0.4246153846153846,4.0,0.5,corr_z,0.5029,2024-08-20 16:56:34.590411
19.0,10000.0,0.4246153846153846,4.0,0.5,total,0.996,2024-08-20 16:56:34.591470
19.0,10000.0,0.4371794871794872,4.0,0.5,x,0.5122,2024-08-20 16:56:44.876761
19.0,10000.0,0.4371794871794872,4.0,0.5,z,0.4995,2024-08-20 16:56:44.878695
19.0,10000.0,0.4371794871794872,4.0,0.5,corr_z,0.5079,2024-08-20 16:56:44.879878
19.0,10000.0,0.4371794871794872,4.0,0.5,total,1.0117,2024-08-20 16:56:44.880993
19.0,10000.0,0.44974358974358974,4.0,0.5,x,0.5047,2024-08-20 16:56:55.235895
19.0,10000.0,0.44974358974358974,4.0,0.5,z,0.5007,2024-08-20 16:56:55.237687
19.0,10000.0,0.44974358974358974,4.0,0.5,corr_z,0.4989,2024-08-20 16:56:55.238747
19.0,10000.0,0.44974358974358974,4.0,0.5,total,1.0054,2024-08-20 16:56:55.239776
19.0,10000.0,0.4623076923076923,4.0,0.5,x,0.5085,2024-08-20 16:57:05.483027
19.0,10000.0,0.4623076923076923,4.0,0.5,z,0.5066,2024-08-20 16:57:05.484781
19.0,10000.0,0.4623076923076923,4.0,0.5,corr_z,0.5037,2024-08-20 16:57:05.485844
19.0,10000.0,0.4623076923076923,4.0,0.5,total,1.0151,2024-08-20 16:57:05.486927
19.0,10000.0,0.4748717948717949,4.0,0.5,x,0.4983,2024-08-20 16:57:15.849444
19.0,10000.0,0.4748717948717949,4.0,0.5,z,0.4918,2024-08-20 16:57:15.851122
19.0,10000.0,0.4748717948717949,4.0,0.5,corr_z,0.5035,2024-08-20 16:57:15.852183
19.0,10000.0,0.4748717948717949,4.0,0.5,total,0.9901,2024-08-20 16:57:15.853147
19.0,10000.0,0.48743589743589744,4.0,0.5,x,0.492,2024-08-20 16:57:26.291872
19.0,10000.0,0.48743589743589744,4.0,0.5,z,0.501,2024-08-20 16:57:26.293755
19.0,10000.0,0.48743589743589744,4.0,0.5,corr_z,0.504,2024-08-20 16:57:26.294892
19.0,10000.0,0.48743589743589744,4.0,0.5,total,0.993,2024-08-20 16:57:26.296006
19.0,10000.0,0.5,4.0,0.5,x,0.5008,2024-08-20 16:57:36.687326
19.0,10000.0,0.5,4.0,0.5,z,0.5038,2024-08-20 16:57:36.689003
19.0,10000.0,0.5,4.0,0.5,corr_z,0.5011,2024-08-20 16:57:36.690021
19.0,10000.0,0.5,4.0,0.5,total,1.0046,2024-08-20 16:57:36.690990
